#
# There is insufficient memory for the Java Runtime Environment to continue.
# Native memory allocation (mmap) failed to map 855638016 bytes for G1 virtual space
# Possible reasons:
#   The system is out of physical RAM or swap space
#   The process is running with CompressedOops enabled, and the Java Heap may be blocking the growth of the native heap
# Possible solutions:
#   Reduce memory load on the system
#   Increase physical memory or swap space
#   Check if swap backing store is full
#   Decrease Java heap size (-Xmx/-Xms)
#   Decrease number of Java threads
#   Decrease Java thread stack sizes (-Xss)
#   Set larger code cache with -XX:ReservedCodeCacheSize=
#   JVM is running with Zero Based Compressed Oops mode in which the Java heap is
#     placed in the first 32GB address space. The Java Heap base address is the
#     maximum limit for the native heap growth. Please use -XX:HeapBaseMinAddress
#     to set the Java Heap base and to place the Java Heap above 32GB virtual address.
# This output file may be truncated or incomplete.
#
#  Out of Memory Error (os_windows.cpp:3604), pid=20900, tid=6640
#
# JRE version: Java(TM) SE Runtime Environment (21.0.10+8) (build 21.0.10+8-LTS-217)
# Java VM: Java HotSpot(TM) 64-Bit Server VM (21.0.10+8-LTS-217, mixed mode, sharing, tiered, compressed oops, compressed class ptrs, g1 gc, windows-amd64)
# No core dump will be written. Minidumps are not enabled by default on client versions of Windows
#

---------------  S U M M A R Y ------------

Command Line: -Dfile.encoding=UTF-8 -Dstdout.encoding=UTF-8 -Dstderr.encoding=UTF-8 -XX:+ShowCodeDetailsInExceptionMessages extracao_dados.siresp.InteracaoComSIRESP 8 PRODUCAO

Host: AMD Ryzen 5 PRO 5650G with Radeon Graphics     , 12 cores, 15G,  Windows 11 , 64 bit Build 26100 (10.0.26100.9168)
Time: Sat Aug 15 02:21:27 2026 Hora oficial do Brasil elapsed time: 343.004822 seconds (0d 0h 5m 43s)

---------------  T H R E A D  ---------------

Current thread (0x0000017160065ba0):  VMThread "VM Thread"          [id=6640, stack(0x00000049e1f00000,0x00000049e2000000) (1024K)]

Stack: [0x00000049e1f00000,0x00000049e2000000]
Native frames: (J=compiled Java code, j=interpreted, Vv=VM code, C=native code)
V  [jvm.dll+0x6d0b59]
V  [jvm.dll+0x85fd56]
V  [jvm.dll+0x86224e]
V  [jvm.dll+0x862923]
V  [jvm.dll+0x282a16]
V  [jvm.dll+0x6cd405]
V  [jvm.dll+0x6c1f8a]
V  [jvm.dll+0x35bcc8]
V  [jvm.dll+0x363986]
V  [jvm.dll+0x3b4a3e]
V  [jvm.dll+0x3b4ce8]
V  [jvm.dll+0x32f98c]
V  [jvm.dll+0x3321b6]
V  [jvm.dll+0x33c5ca]
V  [jvm.dll+0x371d0f]
V  [jvm.dll+0x86861f]
V  [jvm.dll+0x8699ac]
V  [jvm.dll+0x869ee1]
V  [jvm.dll+0x86a183]
V  [jvm.dll+0x80a83d]
V  [jvm.dll+0x6cf3fd]
C  [ucrtbase.dll+0x2cd30]
C  [KERNEL32.DLL+0x2ccb7]
C  [ntdll.dll+0xaad6c]

VM_Operation (0x00000049e1aff8e0): G1PauseRemark, mode: safepoint, requested by thread 0x0000017140dc0590


---------------  P R O C E S S  ---------------

Threads class SMR info:
_java_thread_list=0x00000171aeca50b0, length=23, elements={
0x0000017140d4f740, 0x0000017160088950, 0x00000171600893c0, 0x000001716008a620,
0x000001716008b300, 0x000001716008cea0, 0x000001716008da30, 0x000001716009e0f0,
0x00000171600afac0, 0x0000017160344b80, 0x0000017160348f70, 0x0000017160635d60,
0x00000171607c7be0, 0x0000017160ccc250, 0x00000171ac8b2ca0, 0x00000171ac8c6870,
0x00000171ac8c6f00, 0x00000171ac8c7590, 0x00000171ac8c9cf0, 0x00000171ace25510,
0x00000171ace24160, 0x00000171600b1cd0, 0x00000171600b1600
}

Java Threads: ( => current thread )
  0x0000017140d4f740 JavaThread "main"                              [_thread_blocked, id=23940, stack(0x00000049e1800000,0x00000049e1900000) (1024K)]
  0x0000017160088950 JavaThread "Reference Handler"          daemon [_thread_blocked, id=23712, stack(0x00000049e2000000,0x00000049e2100000) (1024K)]
  0x00000171600893c0 JavaThread "Finalizer"                  daemon [_thread_blocked, id=18940, stack(0x00000049e2100000,0x00000049e2200000) (1024K)]
  0x000001716008a620 JavaThread "Signal Dispatcher"          daemon [_thread_blocked, id=14476, stack(0x00000049e2200000,0x00000049e2300000) (1024K)]
  0x000001716008b300 JavaThread "Attach Listener"            daemon [_thread_blocked, id=24992, stack(0x00000049e2300000,0x00000049e2400000) (1024K)]
  0x000001716008cea0 JavaThread "Service Thread"             daemon [_thread_blocked, id=13288, stack(0x00000049e2400000,0x00000049e2500000) (1024K)]
  0x000001716008da30 JavaThread "Monitor Deflation Thread"   daemon [_thread_blocked, id=15288, stack(0x00000049e2500000,0x00000049e2600000) (1024K)]
  0x000001716009e0f0 JavaThread "C2 CompilerThread0"         daemon [_thread_blocked, id=22152, stack(0x00000049e2600000,0x00000049e2700000) (1024K)]
  0x00000171600afac0 JavaThread "C1 CompilerThread0"         daemon [_thread_blocked, id=9692, stack(0x00000049e2700000,0x00000049e2800000) (1024K)]
  0x0000017160344b80 JavaThread "Notification Thread"        daemon [_thread_blocked, id=1500, stack(0x00000049e2800000,0x00000049e2900000) (1024K)]
  0x0000017160348f70 JavaThread "Common-Cleaner"             daemon [_thread_blocked, id=22292, stack(0x00000049e2900000,0x00000049e2a00000) (1024K)]
  0x0000017160635d60 JavaThread "Java2D Disposer"            daemon [_thread_blocked, id=25088, stack(0x00000049e2b00000,0x00000049e2c00000) (1024K)]
  0x00000171607c7be0 JavaThread "AWT-Windows"                daemon [_thread_in_native, id=7864, stack(0x00000049e2d00000,0x00000049e2e00000) (1024K)]
  0x0000017160ccc250 JavaThread "D3D Screen Updater"         daemon [_thread_blocked, id=25240, stack(0x00000049e4100000,0x00000049e4200000) (1024K)]
  0x00000171ac8b2ca0 JavaThread "HttpClient-1-SelectorManager" daemon [_thread_in_native, id=17884, stack(0x00000049e4b00000,0x00000049e4c00000) (1024K)]
  0x00000171ac8c6870 JavaThread "External Process Output Forwarder - C:\Users\PMC514991-2\.cache\selenium\chromedriver\win64\151.0.7922.138\chromedriver.exe" daemon [_thread_in_native, id=8104, stack(0x00000049e4c00000,0x00000049e4d00000) (1024K)]
  0x00000171ac8c6f00 JavaThread "Driver Service Executor"    daemon [_thread_blocked, id=23172, stack(0x00000049e4d00000,0x00000049e4e00000) (1024K)]
  0x00000171ac8c7590 JavaThread "Driver Service Executor"    daemon [_thread_blocked, id=6528, stack(0x00000049e4e00000,0x00000049e4f00000) (1024K)]
  0x00000171ac8c9cf0 JavaThread "CompletableFutureDelayScheduler" daemon [_thread_blocked, id=23444, stack(0x00000049e5300000,0x00000049e5400000) (1024K)]
  0x00000171ace25510 JavaThread "HttpClient-2-SelectorManager" daemon [_thread_in_native, id=14300, stack(0x00000049e5700000,0x00000049e5800000) (1024K)]
  0x00000171ace24160 JavaThread "TimerQueue"                 daemon [_thread_blocked, id=22372, stack(0x00000049e3000000,0x00000049e3100000) (1024K)]
  0x00000171600b1cd0 JavaThread "C2 CompilerThread1"         daemon [_thread_blocked, id=25092, stack(0x00000049e5c00000,0x00000049e5d00000) (1024K)]
  0x00000171600b1600 JavaThread "C2 CompilerThread2"         daemon [_thread_blocked, id=25520, stack(0x00000049e5d00000,0x00000049e5e00000) (1024K)]
Total: 23

Other Threads:
=>0x0000017160065ba0 VMThread "VM Thread"                           [id=6640, stack(0x00000049e1f00000,0x00000049e2000000) (1024K)]
  0x0000017160053570 WatcherThread "VM Periodic Task Thread"        [id=16064, stack(0x00000049e1e00000,0x00000049e1f00000) (1024K)]
  0x0000017140daffa0 WorkerThread "GC Thread#0"                     [id=10544, stack(0x00000049e1900000,0x00000049e1a00000) (1024K)]
  0x00000171ac7e75f0 WorkerThread "GC Thread#1"                     [id=13836, stack(0x00000049e4200000,0x00000049e4300000) (1024K)]
  0x00000171ac7e79a0 WorkerThread "GC Thread#2"                     [id=9528, stack(0x00000049e4300000,0x00000049e4400000) (1024K)]
  0x00000171ac6e5190 WorkerThread "GC Thread#3"                     [id=20292, stack(0x00000049e4400000,0x00000049e4500000) (1024K)]
  0x00000171ac6e5540 WorkerThread "GC Thread#4"                     [id=25924, stack(0x00000049e4500000,0x00000049e4600000) (1024K)]
  0x00000171ac6edb40 WorkerThread "GC Thread#5"                     [id=6836, stack(0x00000049e4600000,0x00000049e4700000) (1024K)]
  0x00000171ac752550 WorkerThread "GC Thread#6"                     [id=14716, stack(0x00000049e4700000,0x00000049e4800000) (1024K)]
  0x00000171ac6eeab0 WorkerThread "GC Thread#7"                     [id=16584, stack(0x00000049e4800000,0x00000049e4900000) (1024K)]
  0x00000171ac7ac440 WorkerThread "GC Thread#8"                     [id=6304, stack(0x00000049e4900000,0x00000049e4a00000) (1024K)]
  0x00000171ac7ad000 WorkerThread "GC Thread#9"                     [id=7440, stack(0x00000049e4a00000,0x00000049e4b00000) (1024K)]
  0x0000017140dc0590 ConcurrentGCThread "G1 Main Marker"            [id=21588, stack(0x00000049e1a00000,0x00000049e1b00000) (1024K)]
  0x0000017140dc6490 WorkerThread "G1 Conc#0"                       [id=25548, stack(0x00000049e1b00000,0x00000049e1c00000) (1024K)]
  0x00000171ac7884c0 WorkerThread "G1 Conc#1"                       [id=18620, stack(0x00000049e1500000,0x00000049e1600000) (1024K)]
  0x00000171ac787600 WorkerThread "G1 Conc#2"                       [id=10540, stack(0x00000049e4f00000,0x00000049e5000000) (1024K)]
  0x000001715ff23a00 ConcurrentGCThread "G1 Refine#0"               [id=20616, stack(0x00000049e1c00000,0x00000049e1d00000) (1024K)]
  0x00000171ada61b80 ConcurrentGCThread "G1 Refine#1"               [id=15540, stack(0x00000049e5400000,0x00000049e5500000) (1024K)]
  0x0000017160dde030 ConcurrentGCThread "G1 Refine#2"               [id=23900, stack(0x00000049e5500000,0x00000049e5600000) (1024K)]
  0x0000017160700be0 ConcurrentGCThread "G1 Refine#3"               [id=25664, stack(0x00000049e5600000,0x00000049e5700000) (1024K)]
  0x0000017160704c90 ConcurrentGCThread "G1 Refine#4"               [id=9360, stack(0x00000049e5800000,0x00000049e5900000) (1024K)]
  0x00000171607018d0 ConcurrentGCThread "G1 Refine#5"               [id=26304, stack(0x00000049e5900000,0x00000049e5a00000) (1024K)]
  0x0000017160701030 ConcurrentGCThread "G1 Refine#6"               [id=24012, stack(0x00000049e2c00000,0x00000049e2d00000) (1024K)]
  0x00000171607050e0 ConcurrentGCThread "G1 Refine#7"               [id=20112, stack(0x00000049e5a00000,0x00000049e5b00000) (1024K)]
  0x00000171607032b0 ConcurrentGCThread "G1 Refine#8"               [id=18520, stack(0x00000049e4000000,0x00000049e4100000) (1024K)]
  0x0000017160701d20 ConcurrentGCThread "G1 Refine#9"               [id=23704, stack(0x00000049e5b00000,0x00000049e5c00000) (1024K)]
  0x000001715ff24230 ConcurrentGCThread "G1 Service"                [id=8, stack(0x00000049e1d00000,0x00000049e1e00000) (1024K)]
Total: 27

Threads with active compile tasks:
Total: 0

VM state: at safepoint (normal execution)

VM Mutex/Monitor currently owned by a thread:  ([mutex/lock_event])
[0x00007ffe9f459f10] Threads_lock - owner thread: 0x0000017160065ba0
[0x00007ffe9f45a010] Heap_lock - owner thread: 0x0000017140dc0590

Heap address: 0x000000070a000000, size: 3936 MB, Compressed Oops mode: Zero based, Oop shift amount: 3

CDS archive(s) mapped at: [0x0000017161000000-0x0000017161c90000-0x0000017161c90000), size 13172736, SharedBaseAddress: 0x0000017161000000, ArchiveRelocationMode: 1.
Compressed class space mapped at: 0x0000017162000000-0x00000171a2000000, reserved size: 1073741824
Narrow klass base: 0x0000017161000000, Narrow klass shift: 0, Narrow klass range: 0x100000000

GC Precious Log:
 CardTable entry size: 512
 Card Set container configuration: InlinePtr #cards 4 size 8 Array Of Cards #cards 16 size 48 Howl #buckets 8 coarsen threshold 3686 Howl Bitmap #cards 512 size 80 coarsen threshold 460 Card regions per heap region 1 cards per card region 4096
 CPUs: 12 total, 12 available
 Memory: 15742M
 Large Page Support: Disabled
 NUMA Support: Disabled
 Compressed Oops: Enabled (Zero based)
 Heap Region Size: 2M
 Heap Min Capacity: 8M
 Heap Initial Capacity: 246M
 Heap Max Capacity: 3936M
 Pre-touch: Disabled
 Parallel Workers: 10
 Concurrent Workers: 3
 Concurrent Refinement Workers: 10
 Periodic GC: Disabled

Heap:
 garbage-first heap   total 3194880K, used 2501611K [0x000000070a000000, 0x0000000800000000)
  region size 2048K, 247 young (505856K), 18 survivors (36864K)
 Metaspace       used 32662K, committed 33088K, reserved 1114112K
  class space    used 3711K, committed 3904K, reserved 1048576K

Heap Regions: E=young(eden), S=young(survivor), O=old, HS=humongous(starts), HC=humongous(continues), CS=collection set, F=free, TAMS=top-at-mark-start, PB=parsable bottom
|   0|0x000000070a000000, 0x000000070a200000, 0x000000070a200000|100%| O|  |TAMS 0x000000070a200000| PB 0x000000070a200000| Untracked 
|   1|0x000000070a200000, 0x000000070a400000, 0x000000070a400000|100%| O|  |TAMS 0x000000070a400000| PB 0x000000070a400000| Untracked 
|   2|0x000000070a400000, 0x000000070a600000, 0x000000070a600000|100%| O|  |TAMS 0x000000070a600000| PB 0x000000070a600000| Untracked 
|   3|0x000000070a600000, 0x000000070a7d46e0, 0x000000070a800000| 91%| O|  |TAMS 0x000000070a7d46e0| PB 0x000000070a7d46e0| Updating 
|   4|0x000000070a800000, 0x000000070aa00000, 0x000000070aa00000|100%| O|  |TAMS 0x000000070aa00000| PB 0x000000070aa00000| Untracked 
|   5|0x000000070aa00000, 0x000000070ac00000, 0x000000070ac00000|100%| O|  |TAMS 0x000000070ac00000| PB 0x000000070ac00000| Untracked 
|   6|0x000000070ac00000, 0x000000070ae00000, 0x000000070ae00000|100%| O|  |TAMS 0x000000070ae00000| PB 0x000000070ae00000| Untracked 
|   7|0x000000070ae00000, 0x000000070b000000, 0x000000070b000000|100%| O|  |TAMS 0x000000070b000000| PB 0x000000070b000000| Untracked 
|   8|0x000000070b000000, 0x000000070b200000, 0x000000070b200000|100%| O|  |TAMS 0x000000070b200000| PB 0x000000070b200000| Untracked 
|   9|0x000000070b200000, 0x000000070b400000, 0x000000070b400000|100%| O|  |TAMS 0x000000070b400000| PB 0x000000070b400000| Untracked 
|  10|0x000000070b400000, 0x000000070b600000, 0x000000070b600000|100%| O|  |TAMS 0x000000070b600000| PB 0x000000070b600000| Untracked 
|  11|0x000000070b600000, 0x000000070b800000, 0x000000070b800000|100%| O|  |TAMS 0x000000070b800000| PB 0x000000070b800000| Untracked 
|  12|0x000000070b800000, 0x000000070ba00000, 0x000000070ba00000|100%| O|  |TAMS 0x000000070ba00000| PB 0x000000070ba00000| Untracked 
|  13|0x000000070ba00000, 0x000000070bc00000, 0x000000070bc00000|100%| O|  |TAMS 0x000000070bc00000| PB 0x000000070bc00000| Untracked 
|  14|0x000000070bc00000, 0x000000070be00000, 0x000000070be00000|100%| O|  |TAMS 0x000000070be00000| PB 0x000000070be00000| Untracked 
|  15|0x000000070be00000, 0x000000070c000000, 0x000000070c000000|100%| O|  |TAMS 0x000000070c000000| PB 0x000000070c000000| Untracked 
|  16|0x000000070c000000, 0x000000070c200000, 0x000000070c200000|100%| O|  |TAMS 0x000000070c200000| PB 0x000000070c200000| Untracked 
|  17|0x000000070c200000, 0x000000070c400000, 0x000000070c400000|100%| O|  |TAMS 0x000000070c400000| PB 0x000000070c400000| Untracked 
|  18|0x000000070c400000, 0x000000070c600000, 0x000000070c600000|100%| O|  |TAMS 0x000000070c600000| PB 0x000000070c600000| Untracked 
|  19|0x000000070c600000, 0x000000070c800000, 0x000000070c800000|100%| O|  |TAMS 0x000000070c800000| PB 0x000000070c800000| Untracked 
|  20|0x000000070c800000, 0x000000070ca00000, 0x000000070ca00000|100%| O|  |TAMS 0x000000070ca00000| PB 0x000000070ca00000| Untracked 
|  21|0x000000070ca00000, 0x000000070cc00000, 0x000000070cc00000|100%| O|  |TAMS 0x000000070cc00000| PB 0x000000070cc00000| Updating 
|  22|0x000000070cc00000, 0x000000070ce00000, 0x000000070ce00000|100%| O|  |TAMS 0x000000070ce00000| PB 0x000000070ce00000| Untracked 
|  23|0x000000070ce00000, 0x000000070d000000, 0x000000070d000000|100%| O|  |TAMS 0x000000070d000000| PB 0x000000070d000000| Updating 
|  24|0x000000070d000000, 0x000000070d200000, 0x000000070d200000|100%| O|  |TAMS 0x000000070d200000| PB 0x000000070d200000| Updating 
|  25|0x000000070d200000, 0x000000070d400000, 0x000000070d400000|100%| O|  |TAMS 0x000000070d400000| PB 0x000000070d400000| Untracked 
|  26|0x000000070d400000, 0x000000070d600000, 0x000000070d600000|100%| O|  |TAMS 0x000000070d600000| PB 0x000000070d600000| Updating 
|  27|0x000000070d600000, 0x000000070d800000, 0x000000070d800000|100%| O|  |TAMS 0x000000070d800000| PB 0x000000070d800000| Untracked 
|  28|0x000000070d800000, 0x000000070da00000, 0x000000070da00000|100%| O|  |TAMS 0x000000070da00000| PB 0x000000070da00000| Untracked 
|  29|0x000000070da00000, 0x000000070dc00000, 0x000000070dc00000|100%| O|  |TAMS 0x000000070dc00000| PB 0x000000070dc00000| Untracked 
|  30|0x000000070dc00000, 0x000000070de00000, 0x000000070de00000|100%|HS|  |TAMS 0x000000070de00000| PB 0x000000070dc00000| Complete 
|  31|0x000000070de00000, 0x000000070e000000, 0x000000070e000000|100%|HC|  |TAMS 0x000000070e000000| PB 0x000000070de00000| Complete 
|  32|0x000000070e000000, 0x000000070e200000, 0x000000070e200000|100%|HC|  |TAMS 0x000000070e200000| PB 0x000000070e000000| Complete 
|  33|0x000000070e200000, 0x000000070e400000, 0x000000070e400000|100%|HC|  |TAMS 0x000000070e400000| PB 0x000000070e200000| Complete 
|  34|0x000000070e400000, 0x000000070e600000, 0x000000070e600000|100%|HC|  |TAMS 0x000000070e600000| PB 0x000000070e400000| Complete 
|  35|0x000000070e600000, 0x000000070e800000, 0x000000070e800000|100%|HC|  |TAMS 0x000000070e800000| PB 0x000000070e600000| Complete 
|  36|0x000000070e800000, 0x000000070ea00000, 0x000000070ea00000|100%|HC|  |TAMS 0x000000070ea00000| PB 0x000000070e800000| Complete 
|  37|0x000000070ea00000, 0x000000070ec00000, 0x000000070ec00000|100%|HC|  |TAMS 0x000000070ec00000| PB 0x000000070ea00000| Complete 
|  38|0x000000070ec00000, 0x000000070ee00000, 0x000000070ee00000|100%|HC|  |TAMS 0x000000070ee00000| PB 0x000000070ec00000| Complete 
|  39|0x000000070ee00000, 0x000000070f000000, 0x000000070f000000|100%|HC|  |TAMS 0x000000070f000000| PB 0x000000070ee00000| Complete 
|  40|0x000000070f000000, 0x000000070f200000, 0x000000070f200000|100%|HC|  |TAMS 0x000000070f200000| PB 0x000000070f000000| Complete 
|  41|0x000000070f200000, 0x000000070f400000, 0x000000070f400000|100%|HC|  |TAMS 0x000000070f400000| PB 0x000000070f200000| Complete 
|  42|0x000000070f400000, 0x000000070f600000, 0x000000070f600000|100%|HC|  |TAMS 0x000000070f600000| PB 0x000000070f400000| Complete 
|  43|0x000000070f600000, 0x000000070f800000, 0x000000070f800000|100%| O|  |TAMS 0x000000070f800000| PB 0x000000070f800000| Untracked 
|  44|0x000000070f800000, 0x000000070fa00000, 0x000000070fa00000|100%| O|  |TAMS 0x000000070fa00000| PB 0x000000070fa00000| Untracked 
|  45|0x000000070fa00000, 0x000000070fc00000, 0x000000070fc00000|100%| O|  |TAMS 0x000000070fc00000| PB 0x000000070fc00000| Untracked 
|  46|0x000000070fc00000, 0x000000070fe00000, 0x000000070fe00000|100%| O|  |TAMS 0x000000070fe00000| PB 0x000000070fe00000| Untracked 
|  47|0x000000070fe00000, 0x0000000710000000, 0x0000000710000000|100%| O|  |TAMS 0x0000000710000000| PB 0x0000000710000000| Untracked 
|  48|0x0000000710000000, 0x0000000710200000, 0x0000000710200000|100%| O|  |TAMS 0x0000000710200000| PB 0x0000000710200000| Untracked 
|  49|0x0000000710200000, 0x0000000710400000, 0x0000000710400000|100%| O|  |TAMS 0x0000000710400000| PB 0x0000000710400000| Updating 
|  50|0x0000000710400000, 0x0000000710600000, 0x0000000710600000|100%| O|  |TAMS 0x0000000710600000| PB 0x0000000710600000| Untracked 
|  51|0x0000000710600000, 0x0000000710800000, 0x0000000710800000|100%| O|  |TAMS 0x0000000710800000| PB 0x0000000710800000| Untracked 
|  52|0x0000000710800000, 0x0000000710a00000, 0x0000000710a00000|100%| O|  |TAMS 0x0000000710a00000| PB 0x0000000710a00000| Untracked 
|  53|0x0000000710a00000, 0x0000000710c00000, 0x0000000710c00000|100%| O|  |TAMS 0x0000000710c00000| PB 0x0000000710c00000| Untracked 
|  54|0x0000000710c00000, 0x0000000710e00000, 0x0000000710e00000|100%| O|  |TAMS 0x0000000710e00000| PB 0x0000000710e00000| Untracked 
|  55|0x0000000710e00000, 0x0000000711000000, 0x0000000711000000|100%| O|  |TAMS 0x0000000711000000| PB 0x0000000711000000| Untracked 
|  56|0x0000000711000000, 0x0000000711200000, 0x0000000711200000|100%| O|  |TAMS 0x0000000711200000| PB 0x0000000711200000| Updating 
|  57|0x0000000711200000, 0x0000000711400000, 0x0000000711400000|100%| O|  |TAMS 0x0000000711400000| PB 0x0000000711400000| Updating 
|  58|0x0000000711400000, 0x0000000711600000, 0x0000000711600000|100%| O|  |TAMS 0x0000000711600000| PB 0x0000000711600000| Untracked 
|  59|0x0000000711600000, 0x0000000711800000, 0x0000000711800000|100%| O|  |TAMS 0x0000000711800000| PB 0x0000000711800000| Untracked 
|  60|0x0000000711800000, 0x0000000711a00000, 0x0000000711a00000|100%| O|  |TAMS 0x0000000711a00000| PB 0x0000000711a00000| Untracked 
|  61|0x0000000711a00000, 0x0000000711c00000, 0x0000000711c00000|100%| O|  |TAMS 0x0000000711c00000| PB 0x0000000711c00000| Untracked 
|  62|0x0000000711c00000, 0x0000000711e00000, 0x0000000711e00000|100%| O|  |TAMS 0x0000000711e00000| PB 0x0000000711e00000| Untracked 
|  63|0x0000000711e00000, 0x0000000712000000, 0x0000000712000000|100%| O|  |TAMS 0x0000000712000000| PB 0x0000000712000000| Untracked 
|  64|0x0000000712000000, 0x0000000712200000, 0x0000000712200000|100%| O|  |TAMS 0x0000000712200000| PB 0x0000000712200000| Untracked 
|  65|0x0000000712200000, 0x0000000712400000, 0x0000000712400000|100%| O|  |TAMS 0x0000000712400000| PB 0x0000000712400000| Untracked 
|  66|0x0000000712400000, 0x0000000712600000, 0x0000000712600000|100%| O|  |TAMS 0x0000000712600000| PB 0x0000000712600000| Untracked 
|  67|0x0000000712600000, 0x0000000712800000, 0x0000000712800000|100%| O|  |TAMS 0x0000000712800000| PB 0x0000000712800000| Untracked 
|  68|0x0000000712800000, 0x0000000712a00000, 0x0000000712a00000|100%| O|  |TAMS 0x0000000712a00000| PB 0x0000000712a00000| Untracked 
|  69|0x0000000712a00000, 0x0000000712c00000, 0x0000000712c00000|100%| O|  |TAMS 0x0000000712c00000| PB 0x0000000712c00000| Untracked 
|  70|0x0000000712c00000, 0x0000000712e00000, 0x0000000712e00000|100%| O|  |TAMS 0x0000000712e00000| PB 0x0000000712e00000| Untracked 
|  71|0x0000000712e00000, 0x0000000713000000, 0x0000000713000000|100%| O|  |TAMS 0x0000000713000000| PB 0x0000000713000000| Untracked 
|  72|0x0000000713000000, 0x0000000713200000, 0x0000000713200000|100%| O|  |TAMS 0x0000000713200000| PB 0x0000000713200000| Untracked 
|  73|0x0000000713200000, 0x0000000713400000, 0x0000000713400000|100%| O|  |TAMS 0x0000000713400000| PB 0x0000000713400000| Untracked 
|  74|0x0000000713400000, 0x0000000713600000, 0x0000000713600000|100%| O|  |TAMS 0x0000000713600000| PB 0x0000000713600000| Untracked 
|  75|0x0000000713600000, 0x0000000713800000, 0x0000000713800000|100%| O|  |TAMS 0x0000000713800000| PB 0x0000000713800000| Untracked 
|  76|0x0000000713800000, 0x0000000713a00000, 0x0000000713a00000|100%| O|  |TAMS 0x0000000713a00000| PB 0x0000000713a00000| Untracked 
|  77|0x0000000713a00000, 0x0000000713c00000, 0x0000000713c00000|100%| O|  |TAMS 0x0000000713c00000| PB 0x0000000713c00000| Untracked 
|  78|0x0000000713c00000, 0x0000000713e00000, 0x0000000713e00000|100%| O|  |TAMS 0x0000000713e00000| PB 0x0000000713e00000| Untracked 
|  79|0x0000000713e00000, 0x0000000714000000, 0x0000000714000000|100%| O|  |TAMS 0x0000000714000000| PB 0x0000000714000000| Untracked 
|  80|0x0000000714000000, 0x0000000714200000, 0x0000000714200000|100%| O|  |TAMS 0x0000000714200000| PB 0x0000000714200000| Untracked 
|  81|0x0000000714200000, 0x0000000714400000, 0x0000000714400000|100%| O|  |TAMS 0x0000000714400000| PB 0x0000000714400000| Untracked 
|  82|0x0000000714400000, 0x0000000714600000, 0x0000000714600000|100%| O|  |TAMS 0x0000000714600000| PB 0x0000000714600000| Untracked 
|  83|0x0000000714600000, 0x0000000714800000, 0x0000000714800000|100%| O|  |TAMS 0x0000000714800000| PB 0x0000000714800000| Untracked 
|  84|0x0000000714800000, 0x0000000714a00000, 0x0000000714a00000|100%| O|  |TAMS 0x0000000714a00000| PB 0x0000000714a00000| Untracked 
|  85|0x0000000714a00000, 0x0000000714c00000, 0x0000000714c00000|100%| O|  |TAMS 0x0000000714c00000| PB 0x0000000714c00000| Untracked 
|  86|0x0000000714c00000, 0x0000000714e00000, 0x0000000714e00000|100%| O|  |TAMS 0x0000000714e00000| PB 0x0000000714e00000| Untracked 
|  87|0x0000000714e00000, 0x0000000715000000, 0x0000000715000000|100%| O|  |TAMS 0x0000000715000000| PB 0x0000000715000000| Untracked 
|  88|0x0000000715000000, 0x0000000715200000, 0x0000000715200000|100%| O|  |TAMS 0x0000000715200000| PB 0x0000000715200000| Untracked 
|  89|0x0000000715200000, 0x0000000715400000, 0x0000000715400000|100%| O|  |TAMS 0x0000000715400000| PB 0x0000000715400000| Updating 
|  90|0x0000000715400000, 0x0000000715600000, 0x0000000715600000|100%| O|  |TAMS 0x0000000715600000| PB 0x0000000715600000| Updating 
|  91|0x0000000715600000, 0x0000000715800000, 0x0000000715800000|100%| O|  |TAMS 0x0000000715800000| PB 0x0000000715800000| Untracked 
|  92|0x0000000715800000, 0x0000000715a00000, 0x0000000715a00000|100%| O|  |TAMS 0x0000000715a00000| PB 0x0000000715a00000| Updating 
|  93|0x0000000715a00000, 0x0000000715c00000, 0x0000000715c00000|100%| O|  |TAMS 0x0000000715c00000| PB 0x0000000715c00000| Untracked 
|  94|0x0000000715c00000, 0x0000000715e00000, 0x0000000715e00000|100%| O|  |TAMS 0x0000000715e00000| PB 0x0000000715e00000| Untracked 
|  95|0x0000000715e00000, 0x0000000716000000, 0x0000000716000000|100%| O|  |TAMS 0x0000000716000000| PB 0x0000000716000000| Untracked 
|  96|0x0000000716000000, 0x0000000716200000, 0x0000000716200000|100%| O|  |TAMS 0x0000000716200000| PB 0x0000000716200000| Untracked 
|  97|0x0000000716200000, 0x0000000716400000, 0x0000000716400000|100%| O|  |TAMS 0x0000000716400000| PB 0x0000000716400000| Untracked 
|  98|0x0000000716400000, 0x0000000716600000, 0x0000000716600000|100%| O|  |TAMS 0x0000000716600000| PB 0x0000000716600000| Untracked 
|  99|0x0000000716600000, 0x0000000716800000, 0x0000000716800000|100%| O|  |TAMS 0x0000000716800000| PB 0x0000000716800000| Untracked 
| 100|0x0000000716800000, 0x0000000716a00000, 0x0000000716a00000|100%| O|  |TAMS 0x0000000716a00000| PB 0x0000000716a00000| Untracked 
| 101|0x0000000716a00000, 0x0000000716c00000, 0x0000000716c00000|100%| O|  |TAMS 0x0000000716c00000| PB 0x0000000716c00000| Untracked 
| 102|0x0000000716c00000, 0x0000000716e00000, 0x0000000716e00000|100%| O|  |TAMS 0x0000000716e00000| PB 0x0000000716e00000| Updating 
| 103|0x0000000716e00000, 0x0000000717000000, 0x0000000717000000|100%| O|  |TAMS 0x0000000717000000| PB 0x0000000717000000| Updating 
| 104|0x0000000717000000, 0x0000000717200000, 0x0000000717200000|100%| O|  |TAMS 0x0000000717200000| PB 0x0000000717200000| Updating 
| 105|0x0000000717200000, 0x0000000717400000, 0x0000000717400000|100%| O|  |TAMS 0x0000000717400000| PB 0x0000000717400000| Untracked 
| 106|0x0000000717400000, 0x0000000717600000, 0x0000000717600000|100%| O|  |TAMS 0x0000000717600000| PB 0x0000000717600000| Updating 
| 107|0x0000000717600000, 0x0000000717800000, 0x0000000717800000|100%| O|  |TAMS 0x0000000717800000| PB 0x0000000717800000| Untracked 
| 108|0x0000000717800000, 0x0000000717a00000, 0x0000000717a00000|100%| O|  |TAMS 0x0000000717a00000| PB 0x0000000717a00000| Untracked 
| 109|0x0000000717a00000, 0x0000000717c00000, 0x0000000717c00000|100%| O|  |TAMS 0x0000000717c00000| PB 0x0000000717c00000| Untracked 
| 110|0x0000000717c00000, 0x0000000717e00000, 0x0000000717e00000|100%| O|  |TAMS 0x0000000717e00000| PB 0x0000000717e00000| Untracked 
| 111|0x0000000717e00000, 0x0000000718000000, 0x0000000718000000|100%| O|  |TAMS 0x0000000718000000| PB 0x0000000718000000| Untracked 
| 112|0x0000000718000000, 0x0000000718200000, 0x0000000718200000|100%| O|  |TAMS 0x0000000718200000| PB 0x0000000718200000| Untracked 
| 113|0x0000000718200000, 0x0000000718400000, 0x0000000718400000|100%| O|  |TAMS 0x0000000718400000| PB 0x0000000718400000| Untracked 
| 114|0x0000000718400000, 0x0000000718600000, 0x0000000718600000|100%| O|  |TAMS 0x0000000718600000| PB 0x0000000718600000| Untracked 
| 115|0x0000000718600000, 0x0000000718800000, 0x0000000718800000|100%| O|  |TAMS 0x0000000718800000| PB 0x0000000718800000| Untracked 
| 116|0x0000000718800000, 0x0000000718a00000, 0x0000000718a00000|100%| O|  |TAMS 0x0000000718a00000| PB 0x0000000718a00000| Untracked 
| 117|0x0000000718a00000, 0x0000000718c00000, 0x0000000718c00000|100%| O|  |TAMS 0x0000000718c00000| PB 0x0000000718c00000| Untracked 
| 118|0x0000000718c00000, 0x0000000718e00000, 0x0000000718e00000|100%| O|  |TAMS 0x0000000718e00000| PB 0x0000000718e00000| Untracked 
| 119|0x0000000718e00000, 0x0000000719000000, 0x0000000719000000|100%| O|  |TAMS 0x0000000719000000| PB 0x0000000719000000| Untracked 
| 120|0x0000000719000000, 0x0000000719200000, 0x0000000719200000|100%| O|  |TAMS 0x0000000719200000| PB 0x0000000719200000| Untracked 
| 121|0x0000000719200000, 0x0000000719400000, 0x0000000719400000|100%| O|  |TAMS 0x0000000719400000| PB 0x0000000719400000| Untracked 
| 122|0x0000000719400000, 0x0000000719600000, 0x0000000719600000|100%| O|  |TAMS 0x0000000719600000| PB 0x0000000719600000| Untracked 
| 123|0x0000000719600000, 0x0000000719800000, 0x0000000719800000|100%|HS|  |TAMS 0x0000000719800000| PB 0x0000000719600000| Complete 
| 124|0x0000000719800000, 0x0000000719a00000, 0x0000000719a00000|100%|HC|  |TAMS 0x0000000719a00000| PB 0x0000000719800000| Complete 
| 125|0x0000000719a00000, 0x0000000719c00000, 0x0000000719c00000|100%|HC|  |TAMS 0x0000000719c00000| PB 0x0000000719a00000| Complete 
| 126|0x0000000719c00000, 0x0000000719e00000, 0x0000000719e00000|100%|HC|  |TAMS 0x0000000719e00000| PB 0x0000000719c00000| Complete 
| 127|0x0000000719e00000, 0x000000071a000000, 0x000000071a000000|100%|HC|  |TAMS 0x000000071a000000| PB 0x0000000719e00000| Complete 
| 128|0x000000071a000000, 0x000000071a200000, 0x000000071a200000|100%|HC|  |TAMS 0x000000071a200000| PB 0x000000071a000000| Complete 
| 129|0x000000071a200000, 0x000000071a400000, 0x000000071a400000|100%|HC|  |TAMS 0x000000071a400000| PB 0x000000071a200000| Complete 
| 130|0x000000071a400000, 0x000000071a600000, 0x000000071a600000|100%|HC|  |TAMS 0x000000071a600000| PB 0x000000071a400000| Complete 
| 131|0x000000071a600000, 0x000000071a800000, 0x000000071a800000|100%|HC|  |TAMS 0x000000071a800000| PB 0x000000071a600000| Complete 
| 132|0x000000071a800000, 0x000000071aa00000, 0x000000071aa00000|100%|HC|  |TAMS 0x000000071aa00000| PB 0x000000071a800000| Complete 
| 133|0x000000071aa00000, 0x000000071ac00000, 0x000000071ac00000|100%|HC|  |TAMS 0x000000071ac00000| PB 0x000000071aa00000| Complete 
| 134|0x000000071ac00000, 0x000000071ae00000, 0x000000071ae00000|100%|HC|  |TAMS 0x000000071ae00000| PB 0x000000071ac00000| Complete 
| 135|0x000000071ae00000, 0x000000071b000000, 0x000000071b000000|100%|HC|  |TAMS 0x000000071b000000| PB 0x000000071ae00000| Complete 
| 136|0x000000071b000000, 0x000000071b200000, 0x000000071b200000|100%|HC|  |TAMS 0x000000071b200000| PB 0x000000071b000000| Complete 
| 137|0x000000071b200000, 0x000000071b400000, 0x000000071b400000|100%|HC|  |TAMS 0x000000071b400000| PB 0x000000071b200000| Complete 
| 138|0x000000071b400000, 0x000000071b600000, 0x000000071b600000|100%|HC|  |TAMS 0x000000071b600000| PB 0x000000071b400000| Complete 
| 139|0x000000071b600000, 0x000000071b800000, 0x000000071b800000|100%|HC|  |TAMS 0x000000071b800000| PB 0x000000071b600000| Complete 
| 140|0x000000071b800000, 0x000000071ba00000, 0x000000071ba00000|100%|HC|  |TAMS 0x000000071ba00000| PB 0x000000071b800000| Complete 
| 141|0x000000071ba00000, 0x000000071bc00000, 0x000000071bc00000|100%|HC|  |TAMS 0x000000071bc00000| PB 0x000000071ba00000| Complete 
| 142|0x000000071bc00000, 0x000000071be00000, 0x000000071be00000|100%|HC|  |TAMS 0x000000071be00000| PB 0x000000071bc00000| Complete 
| 143|0x000000071be00000, 0x000000071c000000, 0x000000071c000000|100%|HC|  |TAMS 0x000000071c000000| PB 0x000000071be00000| Complete 
| 144|0x000000071c000000, 0x000000071c200000, 0x000000071c200000|100%|HC|  |TAMS 0x000000071c200000| PB 0x000000071c000000| Complete 
| 145|0x000000071c200000, 0x000000071c400000, 0x000000071c400000|100%|HC|  |TAMS 0x000000071c400000| PB 0x000000071c200000| Complete 
| 146|0x000000071c400000, 0x000000071c600000, 0x000000071c600000|100%|HC|  |TAMS 0x000000071c600000| PB 0x000000071c400000| Complete 
| 147|0x000000071c600000, 0x000000071c800000, 0x000000071c800000|100%|HC|  |TAMS 0x000000071c800000| PB 0x000000071c600000| Complete 
| 148|0x000000071c800000, 0x000000071ca00000, 0x000000071ca00000|100%|HC|  |TAMS 0x000000071ca00000| PB 0x000000071c800000| Complete 
| 149|0x000000071ca00000, 0x000000071cc00000, 0x000000071cc00000|100%|HC|  |TAMS 0x000000071cc00000| PB 0x000000071ca00000| Complete 
| 150|0x000000071cc00000, 0x000000071ce00000, 0x000000071ce00000|100%|HC|  |TAMS 0x000000071ce00000| PB 0x000000071cc00000| Complete 
| 151|0x000000071ce00000, 0x000000071d000000, 0x000000071d000000|100%|HC|  |TAMS 0x000000071d000000| PB 0x000000071ce00000| Complete 
| 152|0x000000071d000000, 0x000000071d200000, 0x000000071d200000|100%|HC|  |TAMS 0x000000071d200000| PB 0x000000071d000000| Complete 
| 153|0x000000071d200000, 0x000000071d400000, 0x000000071d400000|100%|HC|  |TAMS 0x000000071d400000| PB 0x000000071d200000| Complete 
| 154|0x000000071d400000, 0x000000071d600000, 0x000000071d600000|100%|HC|  |TAMS 0x000000071d600000| PB 0x000000071d400000| Complete 
| 155|0x000000071d600000, 0x000000071d800000, 0x000000071d800000|100%|HC|  |TAMS 0x000000071d800000| PB 0x000000071d600000| Complete 
| 156|0x000000071d800000, 0x000000071da00000, 0x000000071da00000|100%|HC|  |TAMS 0x000000071da00000| PB 0x000000071d800000| Complete 
| 157|0x000000071da00000, 0x000000071dc00000, 0x000000071dc00000|100%|HC|  |TAMS 0x000000071dc00000| PB 0x000000071da00000| Complete 
| 158|0x000000071dc00000, 0x000000071de00000, 0x000000071de00000|100%|HC|  |TAMS 0x000000071de00000| PB 0x000000071dc00000| Complete 
| 159|0x000000071de00000, 0x000000071e000000, 0x000000071e000000|100%|HC|  |TAMS 0x000000071e000000| PB 0x000000071de00000| Complete 
| 160|0x000000071e000000, 0x000000071e200000, 0x000000071e200000|100%|HC|  |TAMS 0x000000071e200000| PB 0x000000071e000000| Complete 
| 161|0x000000071e200000, 0x000000071e400000, 0x000000071e400000|100%|HC|  |TAMS 0x000000071e400000| PB 0x000000071e200000| Complete 
| 162|0x000000071e400000, 0x000000071e600000, 0x000000071e600000|100%|HC|  |TAMS 0x000000071e600000| PB 0x000000071e400000| Complete 
| 163|0x000000071e600000, 0x000000071e800000, 0x000000071e800000|100%|HC|  |TAMS 0x000000071e800000| PB 0x000000071e600000| Complete 
| 164|0x000000071e800000, 0x000000071ea00000, 0x000000071ea00000|100%| O|  |TAMS 0x000000071ea00000| PB 0x000000071ea00000| Untracked 
| 165|0x000000071ea00000, 0x000000071ec00000, 0x000000071ec00000|100%| O|  |TAMS 0x000000071ec00000| PB 0x000000071ec00000| Untracked 
| 166|0x000000071ec00000, 0x000000071ee00000, 0x000000071ee00000|100%| O|  |TAMS 0x000000071ee00000| PB 0x000000071ee00000| Untracked 
| 167|0x000000071ee00000, 0x000000071f000000, 0x000000071f000000|100%| O|  |TAMS 0x000000071f000000| PB 0x000000071f000000| Untracked 
| 168|0x000000071f000000, 0x000000071f200000, 0x000000071f200000|100%| O|  |TAMS 0x000000071f200000| PB 0x000000071f200000| Untracked 
| 169|0x000000071f200000, 0x000000071f400000, 0x000000071f400000|100%| O|  |TAMS 0x000000071f400000| PB 0x000000071f400000| Untracked 
| 170|0x000000071f400000, 0x000000071f600000, 0x000000071f600000|100%| O|  |TAMS 0x000000071f600000| PB 0x000000071f600000| Untracked 
| 171|0x000000071f600000, 0x000000071f800000, 0x000000071f800000|100%| O|  |TAMS 0x000000071f800000| PB 0x000000071f800000| Untracked 
| 172|0x000000071f800000, 0x000000071fa00000, 0x000000071fa00000|100%| O|  |TAMS 0x000000071fa00000| PB 0x000000071fa00000| Untracked 
| 173|0x000000071fa00000, 0x000000071fc00000, 0x000000071fc00000|100%| O|  |TAMS 0x000000071fc00000| PB 0x000000071fc00000| Untracked 
| 174|0x000000071fc00000, 0x000000071fe00000, 0x000000071fe00000|100%| O|  |TAMS 0x000000071fe00000| PB 0x000000071fe00000| Untracked 
| 175|0x000000071fe00000, 0x0000000720000000, 0x0000000720000000|100%| O|  |TAMS 0x0000000720000000| PB 0x0000000720000000| Untracked 
| 176|0x0000000720000000, 0x0000000720200000, 0x0000000720200000|100%| O|  |TAMS 0x0000000720200000| PB 0x0000000720200000| Untracked 
| 177|0x0000000720200000, 0x0000000720400000, 0x0000000720400000|100%| O|  |TAMS 0x0000000720400000| PB 0x0000000720400000| Untracked 
| 178|0x0000000720400000, 0x0000000720600000, 0x0000000720600000|100%| O|  |TAMS 0x0000000720600000| PB 0x0000000720600000| Untracked 
| 179|0x0000000720600000, 0x0000000720800000, 0x0000000720800000|100%| O|  |TAMS 0x0000000720800000| PB 0x0000000720800000| Untracked 
| 180|0x0000000720800000, 0x0000000720a00000, 0x0000000720a00000|100%| O|  |TAMS 0x0000000720a00000| PB 0x0000000720a00000| Untracked 
| 181|0x0000000720a00000, 0x0000000720c00000, 0x0000000720c00000|100%| O|  |TAMS 0x0000000720c00000| PB 0x0000000720c00000| Updating 
| 182|0x0000000720c00000, 0x0000000720e00000, 0x0000000720e00000|100%| O|  |TAMS 0x0000000720e00000| PB 0x0000000720e00000| Untracked 
| 183|0x0000000720e00000, 0x0000000721000000, 0x0000000721000000|100%| O|  |TAMS 0x0000000721000000| PB 0x0000000721000000| Untracked 
| 184|0x0000000721000000, 0x0000000721200000, 0x0000000721200000|100%| O|  |TAMS 0x0000000721000000| PB 0x0000000721000000| Untracked 
| 185|0x0000000721200000, 0x0000000721400000, 0x0000000721400000|100%| O|  |TAMS 0x0000000721400000| PB 0x0000000721400000| Untracked 
| 186|0x0000000721400000, 0x0000000721600000, 0x0000000721600000|100%| O|  |TAMS 0x0000000721600000| PB 0x0000000721600000| Updating 
| 187|0x0000000721600000, 0x0000000721800000, 0x0000000721800000|100%| O|  |TAMS 0x0000000721800000| PB 0x0000000721800000| Untracked 
| 188|0x0000000721800000, 0x0000000721a00000, 0x0000000721a00000|100%| O|  |TAMS 0x0000000721a00000| PB 0x0000000721a00000| Untracked 
| 189|0x0000000721a00000, 0x0000000721c00000, 0x0000000721c00000|100%| O|  |TAMS 0x0000000721c00000| PB 0x0000000721c00000| Untracked 
| 190|0x0000000721c00000, 0x0000000721e00000, 0x0000000721e00000|100%| O|  |TAMS 0x0000000721e00000| PB 0x0000000721e00000| Untracked 
| 191|0x0000000721e00000, 0x0000000722000000, 0x0000000722000000|100%| O|  |TAMS 0x0000000722000000| PB 0x0000000722000000| Untracked 
| 192|0x0000000722000000, 0x0000000722200000, 0x0000000722200000|100%| O|  |TAMS 0x0000000722200000| PB 0x0000000722200000| Untracked 
| 193|0x0000000722200000, 0x0000000722400000, 0x0000000722400000|100%| O|  |TAMS 0x0000000722400000| PB 0x0000000722400000| Untracked 
| 194|0x0000000722400000, 0x0000000722600000, 0x0000000722600000|100%| O|  |TAMS 0x0000000722600000| PB 0x0000000722600000| Untracked 
| 195|0x0000000722600000, 0x0000000722800000, 0x0000000722800000|100%| O|  |TAMS 0x0000000722800000| PB 0x0000000722800000| Untracked 
| 196|0x0000000722800000, 0x0000000722a00000, 0x0000000722a00000|100%| O|  |TAMS 0x0000000722a00000| PB 0x0000000722a00000| Untracked 
| 197|0x0000000722a00000, 0x0000000722c00000, 0x0000000722c00000|100%| O|  |TAMS 0x0000000722c00000| PB 0x0000000722c00000| Untracked 
| 198|0x0000000722c00000, 0x0000000722e00000, 0x0000000722e00000|100%| O|  |TAMS 0x0000000722e00000| PB 0x0000000722e00000| Updating 
| 199|0x0000000722e00000, 0x0000000723000000, 0x0000000723000000|100%| O|  |TAMS 0x0000000723000000| PB 0x0000000723000000| Untracked 
| 200|0x0000000723000000, 0x0000000723200000, 0x0000000723200000|100%| O|  |TAMS 0x0000000723200000| PB 0x0000000723200000| Untracked 
| 201|0x0000000723200000, 0x0000000723400000, 0x0000000723400000|100%| O|  |TAMS 0x0000000723400000| PB 0x0000000723400000| Untracked 
| 202|0x0000000723400000, 0x0000000723600000, 0x0000000723600000|100%| O|  |TAMS 0x0000000723600000| PB 0x0000000723600000| Untracked 
| 203|0x0000000723600000, 0x0000000723800000, 0x0000000723800000|100%| O|  |TAMS 0x0000000723800000| PB 0x0000000723800000| Untracked 
| 204|0x0000000723800000, 0x0000000723a00000, 0x0000000723a00000|100%| O|  |TAMS 0x0000000723a00000| PB 0x0000000723a00000| Untracked 
| 205|0x0000000723a00000, 0x0000000723c00000, 0x0000000723c00000|100%| O|  |TAMS 0x0000000723c00000| PB 0x0000000723c00000| Untracked 
| 206|0x0000000723c00000, 0x0000000723e00000, 0x0000000723e00000|100%| O|  |TAMS 0x0000000723e00000| PB 0x0000000723e00000| Untracked 
| 207|0x0000000723e00000, 0x0000000724000000, 0x0000000724000000|100%| O|  |TAMS 0x0000000724000000| PB 0x0000000724000000| Untracked 
| 208|0x0000000724000000, 0x0000000724200000, 0x0000000724200000|100%| O|  |TAMS 0x0000000724200000| PB 0x0000000724200000| Untracked 
| 209|0x0000000724200000, 0x0000000724400000, 0x0000000724400000|100%| O|  |TAMS 0x0000000724400000| PB 0x0000000724400000| Untracked 
| 210|0x0000000724400000, 0x0000000724600000, 0x0000000724600000|100%| O|  |TAMS 0x0000000724600000| PB 0x0000000724600000| Untracked 
| 211|0x0000000724600000, 0x0000000724800000, 0x0000000724800000|100%| O|  |TAMS 0x0000000724800000| PB 0x0000000724800000| Untracked 
| 212|0x0000000724800000, 0x0000000724a00000, 0x0000000724a00000|100%| O|  |TAMS 0x0000000724a00000| PB 0x0000000724a00000| Untracked 
| 213|0x0000000724a00000, 0x0000000724c00000, 0x0000000724c00000|100%| O|  |TAMS 0x0000000724c00000| PB 0x0000000724c00000| Untracked 
| 214|0x0000000724c00000, 0x0000000724e00000, 0x0000000724e00000|100%| O|  |TAMS 0x0000000724e00000| PB 0x0000000724e00000| Untracked 
| 215|0x0000000724e00000, 0x0000000725000000, 0x0000000725000000|100%| O|  |TAMS 0x0000000725000000| PB 0x0000000725000000| Untracked 
| 216|0x0000000725000000, 0x0000000725200000, 0x0000000725200000|100%| O|  |TAMS 0x0000000725200000| PB 0x0000000725200000| Untracked 
| 217|0x0000000725200000, 0x0000000725400000, 0x0000000725400000|100%| O|  |TAMS 0x0000000725400000| PB 0x0000000725400000| Untracked 
| 218|0x0000000725400000, 0x0000000725600000, 0x0000000725600000|100%| O|  |TAMS 0x0000000725600000| PB 0x0000000725600000| Untracked 
| 219|0x0000000725600000, 0x0000000725800000, 0x0000000725800000|100%| O|  |TAMS 0x0000000725800000| PB 0x0000000725800000| Untracked 
| 220|0x0000000725800000, 0x0000000725a00000, 0x0000000725a00000|100%| O|  |TAMS 0x0000000725a00000| PB 0x0000000725a00000| Untracked 
| 221|0x0000000725a00000, 0x0000000725c00000, 0x0000000725c00000|100%| O|  |TAMS 0x0000000725c00000| PB 0x0000000725c00000| Untracked 
| 222|0x0000000725c00000, 0x0000000725e00000, 0x0000000725e00000|100%| O|  |TAMS 0x0000000725e00000| PB 0x0000000725e00000| Untracked 
| 223|0x0000000725e00000, 0x0000000726000000, 0x0000000726000000|100%| O|  |TAMS 0x0000000726000000| PB 0x0000000726000000| Untracked 
| 224|0x0000000726000000, 0x0000000726200000, 0x0000000726200000|100%| O|  |TAMS 0x0000000726200000| PB 0x0000000726200000| Untracked 
| 225|0x0000000726200000, 0x0000000726400000, 0x0000000726400000|100%| O|  |TAMS 0x0000000726400000| PB 0x0000000726400000| Untracked 
| 226|0x0000000726400000, 0x0000000726600000, 0x0000000726600000|100%| O|  |TAMS 0x0000000726600000| PB 0x0000000726600000| Untracked 
| 227|0x0000000726600000, 0x0000000726800000, 0x0000000726800000|100%| O|  |TAMS 0x0000000726800000| PB 0x0000000726800000| Untracked 
| 228|0x0000000726800000, 0x0000000726a00000, 0x0000000726a00000|100%| O|  |TAMS 0x0000000726a00000| PB 0x0000000726a00000| Untracked 
| 229|0x0000000726a00000, 0x0000000726c00000, 0x0000000726c00000|100%| O|  |TAMS 0x0000000726c00000| PB 0x0000000726c00000| Untracked 
| 230|0x0000000726c00000, 0x0000000726e00000, 0x0000000726e00000|100%| O|  |TAMS 0x0000000726e00000| PB 0x0000000726e00000| Untracked 
| 231|0x0000000726e00000, 0x0000000727000000, 0x0000000727000000|100%| O|  |TAMS 0x0000000727000000| PB 0x0000000727000000| Untracked 
| 232|0x0000000727000000, 0x0000000727200000, 0x0000000727200000|100%| O|  |TAMS 0x0000000727200000| PB 0x0000000727200000| Untracked 
| 233|0x0000000727200000, 0x0000000727400000, 0x0000000727400000|100%| O|  |TAMS 0x0000000727400000| PB 0x0000000727400000| Untracked 
| 234|0x0000000727400000, 0x0000000727600000, 0x0000000727600000|100%| O|  |TAMS 0x0000000727600000| PB 0x0000000727600000| Untracked 
| 235|0x0000000727600000, 0x0000000727800000, 0x0000000727800000|100%| O|  |TAMS 0x0000000727800000| PB 0x0000000727800000| Untracked 
| 236|0x0000000727800000, 0x0000000727a00000, 0x0000000727a00000|100%| O|  |TAMS 0x0000000727a00000| PB 0x0000000727a00000| Untracked 
| 237|0x0000000727a00000, 0x0000000727c00000, 0x0000000727c00000|100%| O|  |TAMS 0x0000000727c00000| PB 0x0000000727c00000| Untracked 
| 238|0x0000000727c00000, 0x0000000727e00000, 0x0000000727e00000|100%| O|  |TAMS 0x0000000727e00000| PB 0x0000000727e00000| Untracked 
| 239|0x0000000727e00000, 0x0000000728000000, 0x0000000728000000|100%| O|  |TAMS 0x0000000728000000| PB 0x0000000728000000| Untracked 
| 240|0x0000000728000000, 0x0000000728200000, 0x0000000728200000|100%| O|  |TAMS 0x0000000728200000| PB 0x0000000728200000| Untracked 
| 241|0x0000000728200000, 0x0000000728400000, 0x0000000728400000|100%| O|  |TAMS 0x0000000728400000| PB 0x0000000728400000| Untracked 
| 242|0x0000000728400000, 0x0000000728600000, 0x0000000728600000|100%| O|  |TAMS 0x0000000728600000| PB 0x0000000728600000| Untracked 
| 243|0x0000000728600000, 0x0000000728800000, 0x0000000728800000|100%| O|  |TAMS 0x0000000728800000| PB 0x0000000728800000| Untracked 
| 244|0x0000000728800000, 0x0000000728a00000, 0x0000000728a00000|100%| O|  |TAMS 0x0000000728a00000| PB 0x0000000728a00000| Untracked 
| 245|0x0000000728a00000, 0x0000000728c00000, 0x0000000728c00000|100%| O|  |TAMS 0x0000000728c00000| PB 0x0000000728c00000| Untracked 
| 246|0x0000000728c00000, 0x0000000728e00000, 0x0000000728e00000|100%| O|  |TAMS 0x0000000728e00000| PB 0x0000000728e00000| Untracked 
| 247|0x0000000728e00000, 0x0000000729000000, 0x0000000729000000|100%| O|  |TAMS 0x0000000729000000| PB 0x0000000729000000| Untracked 
| 248|0x0000000729000000, 0x0000000729200000, 0x0000000729200000|100%| O|  |TAMS 0x0000000729200000| PB 0x0000000729200000| Untracked 
| 249|0x0000000729200000, 0x0000000729400000, 0x0000000729400000|100%| O|  |TAMS 0x0000000729400000| PB 0x0000000729400000| Untracked 
| 250|0x0000000729400000, 0x0000000729600000, 0x0000000729600000|100%| O|  |TAMS 0x0000000729600000| PB 0x0000000729600000| Untracked 
| 251|0x0000000729600000, 0x0000000729800000, 0x0000000729800000|100%| O|  |TAMS 0x0000000729800000| PB 0x0000000729800000| Untracked 
| 252|0x0000000729800000, 0x0000000729a00000, 0x0000000729a00000|100%| O|  |TAMS 0x0000000729a00000| PB 0x0000000729a00000| Untracked 
| 253|0x0000000729a00000, 0x0000000729c00000, 0x0000000729c00000|100%| O|  |TAMS 0x0000000729c00000| PB 0x0000000729c00000| Untracked 
| 254|0x0000000729c00000, 0x0000000729e00000, 0x0000000729e00000|100%| O|  |TAMS 0x0000000729e00000| PB 0x0000000729e00000| Untracked 
| 255|0x0000000729e00000, 0x000000072a000000, 0x000000072a000000|100%| O|  |TAMS 0x000000072a000000| PB 0x000000072a000000| Untracked 
| 256|0x000000072a000000, 0x000000072a200000, 0x000000072a200000|100%| O|  |TAMS 0x000000072a200000| PB 0x000000072a200000| Updating 
| 257|0x000000072a200000, 0x000000072a400000, 0x000000072a400000|100%| O|  |TAMS 0x000000072a400000| PB 0x000000072a400000| Untracked 
| 258|0x000000072a400000, 0x000000072a600000, 0x000000072a600000|100%| O|  |TAMS 0x000000072a600000| PB 0x000000072a600000| Updating 
| 259|0x000000072a600000, 0x000000072a800000, 0x000000072a800000|100%| O|  |TAMS 0x000000072a800000| PB 0x000000072a800000| Updating 
| 260|0x000000072a800000, 0x000000072aa00000, 0x000000072aa00000|100%| O|  |TAMS 0x000000072aa00000| PB 0x000000072aa00000| Updating 
| 261|0x000000072aa00000, 0x000000072ac00000, 0x000000072ac00000|100%| O|  |TAMS 0x000000072ac00000| PB 0x000000072ac00000| Untracked 
| 262|0x000000072ac00000, 0x000000072ae00000, 0x000000072ae00000|100%| O|  |TAMS 0x000000072ae00000| PB 0x000000072ae00000| Untracked 
| 263|0x000000072ae00000, 0x000000072b000000, 0x000000072b000000|100%| O|  |TAMS 0x000000072b000000| PB 0x000000072b000000| Untracked 
| 264|0x000000072b000000, 0x000000072b200000, 0x000000072b200000|100%| O|  |TAMS 0x000000072b200000| PB 0x000000072b200000| Untracked 
| 265|0x000000072b200000, 0x000000072b400000, 0x000000072b400000|100%| O|  |TAMS 0x000000072b400000| PB 0x000000072b400000| Untracked 
| 266|0x000000072b400000, 0x000000072b600000, 0x000000072b600000|100%| O|  |TAMS 0x000000072b600000| PB 0x000000072b600000| Untracked 
| 267|0x000000072b600000, 0x000000072b800000, 0x000000072b800000|100%| O|  |TAMS 0x000000072b800000| PB 0x000000072b800000| Untracked 
| 268|0x000000072b800000, 0x000000072ba00000, 0x000000072ba00000|100%| O|  |TAMS 0x000000072ba00000| PB 0x000000072ba00000| Untracked 
| 269|0x000000072ba00000, 0x000000072bc00000, 0x000000072bc00000|100%| O|  |TAMS 0x000000072bc00000| PB 0x000000072bc00000| Untracked 
| 270|0x000000072bc00000, 0x000000072be00000, 0x000000072be00000|100%| O|  |TAMS 0x000000072be00000| PB 0x000000072be00000| Untracked 
| 271|0x000000072be00000, 0x000000072c000000, 0x000000072c000000|100%| O|  |TAMS 0x000000072c000000| PB 0x000000072c000000| Untracked 
| 272|0x000000072c000000, 0x000000072c200000, 0x000000072c200000|100%| O|  |TAMS 0x000000072c200000| PB 0x000000072c200000| Untracked 
| 273|0x000000072c200000, 0x000000072c400000, 0x000000072c400000|100%| O|  |TAMS 0x000000072c400000| PB 0x000000072c400000| Untracked 
| 274|0x000000072c400000, 0x000000072c600000, 0x000000072c600000|100%| O|  |TAMS 0x000000072c600000| PB 0x000000072c600000| Untracked 
| 275|0x000000072c600000, 0x000000072c800000, 0x000000072c800000|100%| O|  |TAMS 0x000000072c800000| PB 0x000000072c800000| Untracked 
| 276|0x000000072c800000, 0x000000072ca00000, 0x000000072ca00000|100%| O|  |TAMS 0x000000072ca00000| PB 0x000000072ca00000| Untracked 
| 277|0x000000072ca00000, 0x000000072cc00000, 0x000000072cc00000|100%| O|  |TAMS 0x000000072cc00000| PB 0x000000072cc00000| Untracked 
| 278|0x000000072cc00000, 0x000000072ce00000, 0x000000072ce00000|100%| O|  |TAMS 0x000000072ce00000| PB 0x000000072ce00000| Untracked 
| 279|0x000000072ce00000, 0x000000072d000000, 0x000000072d000000|100%| O|  |TAMS 0x000000072d000000| PB 0x000000072d000000| Untracked 
| 280|0x000000072d000000, 0x000000072d200000, 0x000000072d200000|100%| O|  |TAMS 0x000000072d200000| PB 0x000000072d200000| Untracked 
| 281|0x000000072d200000, 0x000000072d400000, 0x000000072d400000|100%| O|  |TAMS 0x000000072d400000| PB 0x000000072d400000| Untracked 
| 282|0x000000072d400000, 0x000000072d600000, 0x000000072d600000|100%| O|  |TAMS 0x000000072d600000| PB 0x000000072d600000| Untracked 
| 283|0x000000072d600000, 0x000000072d800000, 0x000000072d800000|100%| O|  |TAMS 0x000000072d800000| PB 0x000000072d800000| Untracked 
| 284|0x000000072d800000, 0x000000072da00000, 0x000000072da00000|100%| O|  |TAMS 0x000000072da00000| PB 0x000000072da00000| Updating 
| 285|0x000000072da00000, 0x000000072dc00000, 0x000000072dc00000|100%| O|  |TAMS 0x000000072dc00000| PB 0x000000072dc00000| Updating 
| 286|0x000000072dc00000, 0x000000072de00000, 0x000000072de00000|100%| O|  |TAMS 0x000000072dc00000| PB 0x000000072dc00000| Untracked 
| 287|0x000000072de00000, 0x000000072e000000, 0x000000072e000000|100%| O|  |TAMS 0x000000072e000000| PB 0x000000072e000000| Untracked 
| 288|0x000000072e000000, 0x000000072e200000, 0x000000072e200000|100%| O|  |TAMS 0x000000072e200000| PB 0x000000072e200000| Updating 
| 289|0x000000072e200000, 0x000000072e400000, 0x000000072e400000|100%| O|  |TAMS 0x000000072e400000| PB 0x000000072e400000| Untracked 
| 290|0x000000072e400000, 0x000000072e600000, 0x000000072e600000|100%| O|  |TAMS 0x000000072e600000| PB 0x000000072e600000| Untracked 
| 291|0x000000072e600000, 0x000000072e800000, 0x000000072e800000|100%| O|  |TAMS 0x000000072e800000| PB 0x000000072e800000| Untracked 
| 292|0x000000072e800000, 0x000000072ea00000, 0x000000072ea00000|100%| O|  |TAMS 0x000000072ea00000| PB 0x000000072ea00000| Untracked 
| 293|0x000000072ea00000, 0x000000072ec00000, 0x000000072ec00000|100%| O|  |TAMS 0x000000072ec00000| PB 0x000000072ec00000| Untracked 
| 294|0x000000072ec00000, 0x000000072ee00000, 0x000000072ee00000|100%| O|  |TAMS 0x000000072ee00000| PB 0x000000072ee00000| Untracked 
| 295|0x000000072ee00000, 0x000000072f000000, 0x000000072f000000|100%| O|  |TAMS 0x000000072f000000| PB 0x000000072f000000| Untracked 
| 296|0x000000072f000000, 0x000000072f200000, 0x000000072f200000|100%| O|  |TAMS 0x000000072f200000| PB 0x000000072f200000| Untracked 
| 297|0x000000072f200000, 0x000000072f400000, 0x000000072f400000|100%| O|  |TAMS 0x000000072f400000| PB 0x000000072f400000| Untracked 
| 298|0x000000072f400000, 0x000000072f600000, 0x000000072f600000|100%| O|  |TAMS 0x000000072f600000| PB 0x000000072f600000| Untracked 
| 299|0x000000072f600000, 0x000000072f800000, 0x000000072f800000|100%| O|  |TAMS 0x000000072f800000| PB 0x000000072f800000| Untracked 
| 300|0x000000072f800000, 0x000000072fa00000, 0x000000072fa00000|100%| O|  |TAMS 0x000000072fa00000| PB 0x000000072fa00000| Untracked 
| 301|0x000000072fa00000, 0x000000072fc00000, 0x000000072fc00000|100%| O|  |TAMS 0x000000072fc00000| PB 0x000000072fc00000| Untracked 
| 302|0x000000072fc00000, 0x000000072fe00000, 0x000000072fe00000|100%| O|  |TAMS 0x000000072fe00000| PB 0x000000072fe00000| Untracked 
| 303|0x000000072fe00000, 0x0000000730000000, 0x0000000730000000|100%| O|  |TAMS 0x0000000730000000| PB 0x0000000730000000| Untracked 
| 304|0x0000000730000000, 0x0000000730200000, 0x0000000730200000|100%| O|  |TAMS 0x0000000730200000| PB 0x0000000730200000| Untracked 
| 305|0x0000000730200000, 0x0000000730400000, 0x0000000730400000|100%| O|  |TAMS 0x0000000730400000| PB 0x0000000730400000| Untracked 
| 306|0x0000000730400000, 0x0000000730600000, 0x0000000730600000|100%| O|  |TAMS 0x0000000730600000| PB 0x0000000730600000| Untracked 
| 307|0x0000000730600000, 0x0000000730800000, 0x0000000730800000|100%| O|  |TAMS 0x0000000730800000| PB 0x0000000730800000| Untracked 
| 308|0x0000000730800000, 0x0000000730a00000, 0x0000000730a00000|100%| O|  |TAMS 0x0000000730a00000| PB 0x0000000730a00000| Untracked 
| 309|0x0000000730a00000, 0x0000000730c00000, 0x0000000730c00000|100%| O|  |TAMS 0x0000000730c00000| PB 0x0000000730c00000| Untracked 
| 310|0x0000000730c00000, 0x0000000730e00000, 0x0000000730e00000|100%| O|  |TAMS 0x0000000730e00000| PB 0x0000000730e00000| Untracked 
| 311|0x0000000730e00000, 0x0000000731000000, 0x0000000731000000|100%| O|  |TAMS 0x0000000731000000| PB 0x0000000731000000| Untracked 
| 312|0x0000000731000000, 0x0000000731200000, 0x0000000731200000|100%| O|  |TAMS 0x0000000731200000| PB 0x0000000731200000| Untracked 
| 313|0x0000000731200000, 0x0000000731400000, 0x0000000731400000|100%| O|  |TAMS 0x0000000731400000| PB 0x0000000731400000| Untracked 
| 314|0x0000000731400000, 0x0000000731600000, 0x0000000731600000|100%| O|  |TAMS 0x0000000731600000| PB 0x0000000731600000| Untracked 
| 315|0x0000000731600000, 0x0000000731800000, 0x0000000731800000|100%| O|  |TAMS 0x0000000731800000| PB 0x0000000731800000| Untracked 
| 316|0x0000000731800000, 0x0000000731a00000, 0x0000000731a00000|100%| O|  |TAMS 0x0000000731a00000| PB 0x0000000731a00000| Untracked 
| 317|0x0000000731a00000, 0x0000000731c00000, 0x0000000731c00000|100%| O|  |TAMS 0x0000000731c00000| PB 0x0000000731c00000| Untracked 
| 318|0x0000000731c00000, 0x0000000731e00000, 0x0000000731e00000|100%| O|  |TAMS 0x0000000731e00000| PB 0x0000000731e00000| Untracked 
| 319|0x0000000731e00000, 0x0000000732000000, 0x0000000732000000|100%| O|  |TAMS 0x0000000732000000| PB 0x0000000732000000| Untracked 
| 320|0x0000000732000000, 0x0000000732200000, 0x0000000732200000|100%| O|  |TAMS 0x0000000732200000| PB 0x0000000732200000| Untracked 
| 321|0x0000000732200000, 0x0000000732400000, 0x0000000732400000|100%| O|  |TAMS 0x0000000732400000| PB 0x0000000732400000| Untracked 
| 322|0x0000000732400000, 0x0000000732600000, 0x0000000732600000|100%| O|  |TAMS 0x0000000732600000| PB 0x0000000732600000| Untracked 
| 323|0x0000000732600000, 0x0000000732800000, 0x0000000732800000|100%| O|  |TAMS 0x0000000732800000| PB 0x0000000732800000| Untracked 
| 324|0x0000000732800000, 0x0000000732a00000, 0x0000000732a00000|100%| O|  |TAMS 0x0000000732a00000| PB 0x0000000732a00000| Untracked 
| 325|0x0000000732a00000, 0x0000000732c00000, 0x0000000732c00000|100%| O|  |TAMS 0x0000000732c00000| PB 0x0000000732c00000| Untracked 
| 326|0x0000000732c00000, 0x0000000732e00000, 0x0000000732e00000|100%| O|  |TAMS 0x0000000732e00000| PB 0x0000000732e00000| Untracked 
| 327|0x0000000732e00000, 0x0000000733000000, 0x0000000733000000|100%| O|  |TAMS 0x0000000733000000| PB 0x0000000733000000| Untracked 
| 328|0x0000000733000000, 0x0000000733200000, 0x0000000733200000|100%| O|  |TAMS 0x0000000733200000| PB 0x0000000733200000| Untracked 
| 329|0x0000000733200000, 0x0000000733400000, 0x0000000733400000|100%| O|  |TAMS 0x0000000733400000| PB 0x0000000733400000| Untracked 
| 330|0x0000000733400000, 0x0000000733600000, 0x0000000733600000|100%| O|  |TAMS 0x0000000733600000| PB 0x0000000733600000| Untracked 
| 331|0x0000000733600000, 0x0000000733800000, 0x0000000733800000|100%| O|  |TAMS 0x0000000733800000| PB 0x0000000733800000| Untracked 
| 332|0x0000000733800000, 0x0000000733a00000, 0x0000000733a00000|100%| O|  |TAMS 0x0000000733a00000| PB 0x0000000733a00000| Untracked 
| 333|0x0000000733a00000, 0x0000000733c00000, 0x0000000733c00000|100%| O|  |TAMS 0x0000000733c00000| PB 0x0000000733c00000| Untracked 
| 334|0x0000000733c00000, 0x0000000733e00000, 0x0000000733e00000|100%| O|  |TAMS 0x0000000733e00000| PB 0x0000000733e00000| Untracked 
| 335|0x0000000733e00000, 0x0000000734000000, 0x0000000734000000|100%| O|  |TAMS 0x0000000734000000| PB 0x0000000734000000| Untracked 
| 336|0x0000000734000000, 0x0000000734200000, 0x0000000734200000|100%| O|  |TAMS 0x0000000734200000| PB 0x0000000734200000| Untracked 
| 337|0x0000000734200000, 0x0000000734400000, 0x0000000734400000|100%| O|  |TAMS 0x0000000734400000| PB 0x0000000734400000| Untracked 
| 338|0x0000000734400000, 0x0000000734600000, 0x0000000734600000|100%| O|  |TAMS 0x0000000734600000| PB 0x0000000734600000| Untracked 
| 339|0x0000000734600000, 0x0000000734800000, 0x0000000734800000|100%| O|  |TAMS 0x0000000734800000| PB 0x0000000734800000| Untracked 
| 340|0x0000000734800000, 0x0000000734a00000, 0x0000000734a00000|100%| O|  |TAMS 0x0000000734a00000| PB 0x0000000734a00000| Untracked 
| 341|0x0000000734a00000, 0x0000000734c00000, 0x0000000734c00000|100%| O|  |TAMS 0x0000000734c00000| PB 0x0000000734c00000| Untracked 
| 342|0x0000000734c00000, 0x0000000734e00000, 0x0000000734e00000|100%| O|  |TAMS 0x0000000734e00000| PB 0x0000000734e00000| Untracked 
| 343|0x0000000734e00000, 0x0000000735000000, 0x0000000735000000|100%| O|  |TAMS 0x0000000735000000| PB 0x0000000735000000| Untracked 
| 344|0x0000000735000000, 0x0000000735200000, 0x0000000735200000|100%| O|  |TAMS 0x0000000735200000| PB 0x0000000735200000| Untracked 
| 345|0x0000000735200000, 0x0000000735400000, 0x0000000735400000|100%| O|  |TAMS 0x0000000735400000| PB 0x0000000735400000| Untracked 
| 346|0x0000000735400000, 0x0000000735600000, 0x0000000735600000|100%| O|  |TAMS 0x0000000735600000| PB 0x0000000735600000| Untracked 
| 347|0x0000000735600000, 0x0000000735800000, 0x0000000735800000|100%| O|  |TAMS 0x0000000735800000| PB 0x0000000735800000| Untracked 
| 348|0x0000000735800000, 0x0000000735a00000, 0x0000000735a00000|100%| O|  |TAMS 0x0000000735a00000| PB 0x0000000735a00000| Untracked 
| 349|0x0000000735a00000, 0x0000000735c00000, 0x0000000735c00000|100%| O|  |TAMS 0x0000000735c00000| PB 0x0000000735c00000| Untracked 
| 350|0x0000000735c00000, 0x0000000735e00000, 0x0000000735e00000|100%| O|  |TAMS 0x0000000735e00000| PB 0x0000000735e00000| Untracked 
| 351|0x0000000735e00000, 0x0000000736000000, 0x0000000736000000|100%| O|  |TAMS 0x0000000736000000| PB 0x0000000736000000| Untracked 
| 352|0x0000000736000000, 0x0000000736200000, 0x0000000736200000|100%| O|  |TAMS 0x0000000736200000| PB 0x0000000736200000| Untracked 
| 353|0x0000000736200000, 0x0000000736400000, 0x0000000736400000|100%| O|  |TAMS 0x0000000736400000| PB 0x0000000736400000| Untracked 
| 354|0x0000000736400000, 0x0000000736600000, 0x0000000736600000|100%| O|  |TAMS 0x0000000736600000| PB 0x0000000736600000| Untracked 
| 355|0x0000000736600000, 0x0000000736800000, 0x0000000736800000|100%| O|  |TAMS 0x0000000736800000| PB 0x0000000736800000| Untracked 
| 356|0x0000000736800000, 0x0000000736a00000, 0x0000000736a00000|100%| O|  |TAMS 0x0000000736a00000| PB 0x0000000736a00000| Untracked 
| 357|0x0000000736a00000, 0x0000000736c00000, 0x0000000736c00000|100%| O|  |TAMS 0x0000000736c00000| PB 0x0000000736c00000| Untracked 
| 358|0x0000000736c00000, 0x0000000736e00000, 0x0000000736e00000|100%| O|  |TAMS 0x0000000736e00000| PB 0x0000000736e00000| Untracked 
| 359|0x0000000736e00000, 0x0000000737000000, 0x0000000737000000|100%| O|  |TAMS 0x0000000737000000| PB 0x0000000737000000| Untracked 
| 360|0x0000000737000000, 0x0000000737200000, 0x0000000737200000|100%| O|  |TAMS 0x0000000737200000| PB 0x0000000737200000| Untracked 
| 361|0x0000000737200000, 0x0000000737400000, 0x0000000737400000|100%| O|  |TAMS 0x0000000737400000| PB 0x0000000737400000| Untracked 
| 362|0x0000000737400000, 0x0000000737600000, 0x0000000737600000|100%| O|  |TAMS 0x0000000737600000| PB 0x0000000737600000| Untracked 
| 363|0x0000000737600000, 0x0000000737800000, 0x0000000737800000|100%| O|  |TAMS 0x0000000737800000| PB 0x0000000737800000| Untracked 
| 364|0x0000000737800000, 0x0000000737a00000, 0x0000000737a00000|100%| O|  |TAMS 0x0000000737a00000| PB 0x0000000737a00000| Untracked 
| 365|0x0000000737a00000, 0x0000000737c00000, 0x0000000737c00000|100%| O|  |TAMS 0x0000000737c00000| PB 0x0000000737c00000| Untracked 
| 366|0x0000000737c00000, 0x0000000737e00000, 0x0000000737e00000|100%| O|  |TAMS 0x0000000737e00000| PB 0x0000000737e00000| Untracked 
| 367|0x0000000737e00000, 0x0000000738000000, 0x0000000738000000|100%| O|  |TAMS 0x0000000738000000| PB 0x0000000738000000| Untracked 
| 368|0x0000000738000000, 0x0000000738200000, 0x0000000738200000|100%| O|  |TAMS 0x0000000738200000| PB 0x0000000738200000| Untracked 
| 369|0x0000000738200000, 0x0000000738400000, 0x0000000738400000|100%| O|  |TAMS 0x0000000738400000| PB 0x0000000738400000| Untracked 
| 370|0x0000000738400000, 0x0000000738600000, 0x0000000738600000|100%| O|  |TAMS 0x0000000738600000| PB 0x0000000738600000| Untracked 
| 371|0x0000000738600000, 0x0000000738800000, 0x0000000738800000|100%| O|  |TAMS 0x0000000738800000| PB 0x0000000738800000| Untracked 
| 372|0x0000000738800000, 0x0000000738a00000, 0x0000000738a00000|100%| O|  |TAMS 0x0000000738a00000| PB 0x0000000738a00000| Untracked 
| 373|0x0000000738a00000, 0x0000000738c00000, 0x0000000738c00000|100%| O|  |TAMS 0x0000000738c00000| PB 0x0000000738c00000| Untracked 
| 374|0x0000000738c00000, 0x0000000738e00000, 0x0000000738e00000|100%| O|  |TAMS 0x0000000738e00000| PB 0x0000000738e00000| Untracked 
| 375|0x0000000738e00000, 0x0000000739000000, 0x0000000739000000|100%| O|  |TAMS 0x0000000739000000| PB 0x0000000739000000| Untracked 
| 376|0x0000000739000000, 0x0000000739200000, 0x0000000739200000|100%| O|  |TAMS 0x0000000739200000| PB 0x0000000739200000| Untracked 
| 377|0x0000000739200000, 0x0000000739400000, 0x0000000739400000|100%| O|  |TAMS 0x0000000739400000| PB 0x0000000739400000| Untracked 
| 378|0x0000000739400000, 0x0000000739600000, 0x0000000739600000|100%| O|  |TAMS 0x0000000739600000| PB 0x0000000739600000| Untracked 
| 379|0x0000000739600000, 0x0000000739800000, 0x0000000739800000|100%| O|  |TAMS 0x0000000739800000| PB 0x0000000739800000| Untracked 
| 380|0x0000000739800000, 0x0000000739a00000, 0x0000000739a00000|100%| O|  |TAMS 0x0000000739a00000| PB 0x0000000739a00000| Untracked 
| 381|0x0000000739a00000, 0x0000000739c00000, 0x0000000739c00000|100%| O|  |TAMS 0x0000000739c00000| PB 0x0000000739c00000| Untracked 
| 382|0x0000000739c00000, 0x0000000739e00000, 0x0000000739e00000|100%| O|  |TAMS 0x0000000739e00000| PB 0x0000000739e00000| Untracked 
| 383|0x0000000739e00000, 0x000000073a000000, 0x000000073a000000|100%| O|  |TAMS 0x000000073a000000| PB 0x000000073a000000| Untracked 
| 384|0x000000073a000000, 0x000000073a200000, 0x000000073a200000|100%| O|  |TAMS 0x000000073a200000| PB 0x000000073a200000| Untracked 
| 385|0x000000073a200000, 0x000000073a400000, 0x000000073a400000|100%| O|  |TAMS 0x000000073a400000| PB 0x000000073a400000| Untracked 
| 386|0x000000073a400000, 0x000000073a600000, 0x000000073a600000|100%| O|  |TAMS 0x000000073a600000| PB 0x000000073a600000| Untracked 
| 387|0x000000073a600000, 0x000000073a800000, 0x000000073a800000|100%| O|  |TAMS 0x000000073a800000| PB 0x000000073a800000| Untracked 
| 388|0x000000073a800000, 0x000000073aa00000, 0x000000073aa00000|100%| O|  |TAMS 0x000000073aa00000| PB 0x000000073aa00000| Untracked 
| 389|0x000000073aa00000, 0x000000073ac00000, 0x000000073ac00000|100%| O|  |TAMS 0x000000073ac00000| PB 0x000000073ac00000| Updating 
| 390|0x000000073ac00000, 0x000000073ae00000, 0x000000073ae00000|100%| O|  |TAMS 0x000000073ae00000| PB 0x000000073ae00000| Updating 
| 391|0x000000073ae00000, 0x000000073b000000, 0x000000073b000000|100%| O|  |TAMS 0x000000073b000000| PB 0x000000073b000000| Updating 
| 392|0x000000073b000000, 0x000000073b200000, 0x000000073b200000|100%| O|  |TAMS 0x000000073b200000| PB 0x000000073b200000| Updating 
| 393|0x000000073b200000, 0x000000073b400000, 0x000000073b400000|100%| O|  |TAMS 0x000000073b400000| PB 0x000000073b400000| Updating 
| 394|0x000000073b400000, 0x000000073b600000, 0x000000073b600000|100%| O|  |TAMS 0x000000073b600000| PB 0x000000073b600000| Untracked 
| 395|0x000000073b600000, 0x000000073b800000, 0x000000073b800000|100%| O|  |TAMS 0x000000073b800000| PB 0x000000073b800000| Untracked 
| 396|0x000000073b800000, 0x000000073ba00000, 0x000000073ba00000|100%| O|  |TAMS 0x000000073ba00000| PB 0x000000073ba00000| Untracked 
| 397|0x000000073ba00000, 0x000000073bc00000, 0x000000073bc00000|100%| O|  |TAMS 0x000000073bc00000| PB 0x000000073bc00000| Untracked 
| 398|0x000000073bc00000, 0x000000073be00000, 0x000000073be00000|100%| O|  |TAMS 0x000000073be00000| PB 0x000000073be00000| Untracked 
| 399|0x000000073be00000, 0x000000073c000000, 0x000000073c000000|100%| O|  |TAMS 0x000000073c000000| PB 0x000000073c000000| Untracked 
| 400|0x000000073c000000, 0x000000073c200000, 0x000000073c200000|100%| O|  |TAMS 0x000000073c200000| PB 0x000000073c200000| Untracked 
| 401|0x000000073c200000, 0x000000073c400000, 0x000000073c400000|100%| O|  |TAMS 0x000000073c400000| PB 0x000000073c400000| Untracked 
| 402|0x000000073c400000, 0x000000073c600000, 0x000000073c600000|100%| O|  |TAMS 0x000000073c600000| PB 0x000000073c600000| Untracked 
| 403|0x000000073c600000, 0x000000073c800000, 0x000000073c800000|100%| O|  |TAMS 0x000000073c800000| PB 0x000000073c800000| Untracked 
| 404|0x000000073c800000, 0x000000073ca00000, 0x000000073ca00000|100%| O|  |TAMS 0x000000073ca00000| PB 0x000000073ca00000| Untracked 
| 405|0x000000073ca00000, 0x000000073cc00000, 0x000000073cc00000|100%| O|  |TAMS 0x000000073cc00000| PB 0x000000073cc00000| Untracked 
| 406|0x000000073cc00000, 0x000000073ce00000, 0x000000073ce00000|100%| O|  |TAMS 0x000000073ce00000| PB 0x000000073ce00000| Untracked 
| 407|0x000000073ce00000, 0x000000073d000000, 0x000000073d000000|100%| O|  |TAMS 0x000000073d000000| PB 0x000000073d000000| Untracked 
| 408|0x000000073d000000, 0x000000073d200000, 0x000000073d200000|100%| O|  |TAMS 0x000000073d200000| PB 0x000000073d200000| Untracked 
| 409|0x000000073d200000, 0x000000073d400000, 0x000000073d400000|100%| O|  |TAMS 0x000000073d400000| PB 0x000000073d400000| Untracked 
| 410|0x000000073d400000, 0x000000073d600000, 0x000000073d600000|100%| O|  |TAMS 0x000000073d600000| PB 0x000000073d600000| Untracked 
| 411|0x000000073d600000, 0x000000073d800000, 0x000000073d800000|100%| O|  |TAMS 0x000000073d800000| PB 0x000000073d800000| Untracked 
| 412|0x000000073d800000, 0x000000073da00000, 0x000000073da00000|100%| O|  |TAMS 0x000000073da00000| PB 0x000000073da00000| Untracked 
| 413|0x000000073da00000, 0x000000073dc00000, 0x000000073dc00000|100%| O|  |TAMS 0x000000073dc00000| PB 0x000000073dc00000| Untracked 
| 414|0x000000073dc00000, 0x000000073de00000, 0x000000073de00000|100%| O|  |TAMS 0x000000073de00000| PB 0x000000073de00000| Untracked 
| 415|0x000000073de00000, 0x000000073e000000, 0x000000073e000000|100%| O|  |TAMS 0x000000073e000000| PB 0x000000073e000000| Untracked 
| 416|0x000000073e000000, 0x000000073e200000, 0x000000073e200000|100%| O|  |TAMS 0x000000073e200000| PB 0x000000073e200000| Untracked 
| 417|0x000000073e200000, 0x000000073e400000, 0x000000073e400000|100%| O|  |TAMS 0x000000073e400000| PB 0x000000073e400000| Untracked 
| 418|0x000000073e400000, 0x000000073e600000, 0x000000073e600000|100%| O|  |TAMS 0x000000073e600000| PB 0x000000073e600000| Updating 
| 419|0x000000073e600000, 0x000000073e800000, 0x000000073e800000|100%| O|  |TAMS 0x000000073e800000| PB 0x000000073e800000| Updating 
| 420|0x000000073e800000, 0x000000073ea00000, 0x000000073ea00000|100%| O|  |TAMS 0x000000073ea00000| PB 0x000000073ea00000| Untracked 
| 421|0x000000073ea00000, 0x000000073ec00000, 0x000000073ec00000|100%| O|  |TAMS 0x000000073ec00000| PB 0x000000073ec00000| Updating 
| 422|0x000000073ec00000, 0x000000073ee00000, 0x000000073ee00000|100%| O|  |TAMS 0x000000073ee00000| PB 0x000000073ee00000| Updating 
| 423|0x000000073ee00000, 0x000000073f000000, 0x000000073f000000|100%| O|  |TAMS 0x000000073f000000| PB 0x000000073f000000| Updating 
| 424|0x000000073f000000, 0x000000073f200000, 0x000000073f200000|100%| O|  |TAMS 0x000000073f200000| PB 0x000000073f200000| Untracked 
| 425|0x000000073f200000, 0x000000073f400000, 0x000000073f400000|100%| O|  |TAMS 0x000000073f400000| PB 0x000000073f400000| Untracked 
| 426|0x000000073f400000, 0x000000073f600000, 0x000000073f600000|100%| O|  |TAMS 0x000000073f600000| PB 0x000000073f600000| Untracked 
| 427|0x000000073f600000, 0x000000073f800000, 0x000000073f800000|100%| O|  |TAMS 0x000000073f800000| PB 0x000000073f800000| Untracked 
| 428|0x000000073f800000, 0x000000073fa00000, 0x000000073fa00000|100%| O|  |TAMS 0x000000073fa00000| PB 0x000000073fa00000| Untracked 
| 429|0x000000073fa00000, 0x000000073fc00000, 0x000000073fc00000|100%| O|  |TAMS 0x000000073fc00000| PB 0x000000073fc00000| Untracked 
| 430|0x000000073fc00000, 0x000000073fe00000, 0x000000073fe00000|100%| O|  |TAMS 0x000000073fe00000| PB 0x000000073fe00000| Untracked 
| 431|0x000000073fe00000, 0x0000000740000000, 0x0000000740000000|100%| O|  |TAMS 0x0000000740000000| PB 0x0000000740000000| Untracked 
| 432|0x0000000740000000, 0x0000000740200000, 0x0000000740200000|100%| O|  |TAMS 0x0000000740200000| PB 0x0000000740200000| Untracked 
| 433|0x0000000740200000, 0x0000000740400000, 0x0000000740400000|100%| O|  |TAMS 0x0000000740400000| PB 0x0000000740400000| Untracked 
| 434|0x0000000740400000, 0x0000000740600000, 0x0000000740600000|100%| O|  |TAMS 0x0000000740600000| PB 0x0000000740600000| Untracked 
| 435|0x0000000740600000, 0x0000000740800000, 0x0000000740800000|100%| O|  |TAMS 0x0000000740800000| PB 0x0000000740800000| Untracked 
| 436|0x0000000740800000, 0x0000000740a00000, 0x0000000740a00000|100%| O|  |TAMS 0x0000000740a00000| PB 0x0000000740a00000| Untracked 
| 437|0x0000000740a00000, 0x0000000740c00000, 0x0000000740c00000|100%| O|  |TAMS 0x0000000740c00000| PB 0x0000000740c00000| Untracked 
| 438|0x0000000740c00000, 0x0000000740e00000, 0x0000000740e00000|100%| O|  |TAMS 0x0000000740e00000| PB 0x0000000740e00000| Untracked 
| 439|0x0000000740e00000, 0x0000000741000000, 0x0000000741000000|100%| O|  |TAMS 0x0000000741000000| PB 0x0000000741000000| Untracked 
| 440|0x0000000741000000, 0x0000000741200000, 0x0000000741200000|100%| O|  |TAMS 0x0000000741200000| PB 0x0000000741200000| Untracked 
| 441|0x0000000741200000, 0x0000000741400000, 0x0000000741400000|100%| O|  |TAMS 0x0000000741400000| PB 0x0000000741400000| Untracked 
| 442|0x0000000741400000, 0x0000000741600000, 0x0000000741600000|100%| O|  |TAMS 0x0000000741600000| PB 0x0000000741600000| Untracked 
| 443|0x0000000741600000, 0x0000000741800000, 0x0000000741800000|100%| O|  |TAMS 0x0000000741800000| PB 0x0000000741800000| Untracked 
| 444|0x0000000741800000, 0x0000000741a00000, 0x0000000741a00000|100%| O|  |TAMS 0x0000000741a00000| PB 0x0000000741a00000| Untracked 
| 445|0x0000000741a00000, 0x0000000741c00000, 0x0000000741c00000|100%| O|  |TAMS 0x0000000741c00000| PB 0x0000000741c00000| Untracked 
| 446|0x0000000741c00000, 0x0000000741e00000, 0x0000000741e00000|100%| O|  |TAMS 0x0000000741e00000| PB 0x0000000741e00000| Untracked 
| 447|0x0000000741e00000, 0x0000000742000000, 0x0000000742000000|100%| O|  |TAMS 0x0000000742000000| PB 0x0000000742000000| Untracked 
| 448|0x0000000742000000, 0x0000000742200000, 0x0000000742200000|100%| O|  |TAMS 0x0000000742200000| PB 0x0000000742200000| Untracked 
| 449|0x0000000742200000, 0x0000000742400000, 0x0000000742400000|100%| O|  |TAMS 0x0000000742400000| PB 0x0000000742400000| Untracked 
| 450|0x0000000742400000, 0x0000000742600000, 0x0000000742600000|100%| O|  |TAMS 0x0000000742600000| PB 0x0000000742600000| Untracked 
| 451|0x0000000742600000, 0x0000000742800000, 0x0000000742800000|100%| O|  |TAMS 0x0000000742800000| PB 0x0000000742800000| Untracked 
| 452|0x0000000742800000, 0x0000000742a00000, 0x0000000742a00000|100%| O|  |TAMS 0x0000000742a00000| PB 0x0000000742a00000| Untracked 
| 453|0x0000000742a00000, 0x0000000742c00000, 0x0000000742c00000|100%| O|  |TAMS 0x0000000742c00000| PB 0x0000000742c00000| Untracked 
| 454|0x0000000742c00000, 0x0000000742e00000, 0x0000000742e00000|100%| O|  |TAMS 0x0000000742e00000| PB 0x0000000742e00000| Untracked 
| 455|0x0000000742e00000, 0x0000000743000000, 0x0000000743000000|100%| O|  |TAMS 0x0000000743000000| PB 0x0000000743000000| Untracked 
| 456|0x0000000743000000, 0x0000000743200000, 0x0000000743200000|100%| O|  |TAMS 0x0000000743200000| PB 0x0000000743200000| Untracked 
| 457|0x0000000743200000, 0x0000000743400000, 0x0000000743400000|100%| O|  |TAMS 0x0000000743400000| PB 0x0000000743400000| Untracked 
| 458|0x0000000743400000, 0x0000000743600000, 0x0000000743600000|100%| O|  |TAMS 0x0000000743600000| PB 0x0000000743600000| Untracked 
| 459|0x0000000743600000, 0x0000000743800000, 0x0000000743800000|100%| O|  |TAMS 0x0000000743800000| PB 0x0000000743800000| Untracked 
| 460|0x0000000743800000, 0x0000000743a00000, 0x0000000743a00000|100%| O|  |TAMS 0x0000000743a00000| PB 0x0000000743a00000| Untracked 
| 461|0x0000000743a00000, 0x0000000743c00000, 0x0000000743c00000|100%| O|  |TAMS 0x0000000743c00000| PB 0x0000000743c00000| Untracked 
| 462|0x0000000743c00000, 0x0000000743e00000, 0x0000000743e00000|100%| O|  |TAMS 0x0000000743e00000| PB 0x0000000743e00000| Untracked 
| 463|0x0000000743e00000, 0x0000000744000000, 0x0000000744000000|100%| O|  |TAMS 0x0000000744000000| PB 0x0000000744000000| Untracked 
| 464|0x0000000744000000, 0x0000000744200000, 0x0000000744200000|100%| O|  |TAMS 0x0000000744200000| PB 0x0000000744200000| Untracked 
| 465|0x0000000744200000, 0x0000000744400000, 0x0000000744400000|100%| O|  |TAMS 0x0000000744400000| PB 0x0000000744400000| Untracked 
| 466|0x0000000744400000, 0x0000000744600000, 0x0000000744600000|100%| O|  |TAMS 0x0000000744600000| PB 0x0000000744600000| Untracked 
| 467|0x0000000744600000, 0x0000000744800000, 0x0000000744800000|100%| O|  |TAMS 0x0000000744800000| PB 0x0000000744800000| Untracked 
| 468|0x0000000744800000, 0x0000000744a00000, 0x0000000744a00000|100%| O|  |TAMS 0x0000000744a00000| PB 0x0000000744a00000| Untracked 
| 469|0x0000000744a00000, 0x0000000744c00000, 0x0000000744c00000|100%| O|  |TAMS 0x0000000744c00000| PB 0x0000000744c00000| Untracked 
| 470|0x0000000744c00000, 0x0000000744e00000, 0x0000000744e00000|100%| O|  |TAMS 0x0000000744e00000| PB 0x0000000744e00000| Untracked 
| 471|0x0000000744e00000, 0x0000000745000000, 0x0000000745000000|100%| O|  |TAMS 0x0000000745000000| PB 0x0000000745000000| Untracked 
| 472|0x0000000745000000, 0x0000000745200000, 0x0000000745200000|100%| O|  |TAMS 0x0000000745200000| PB 0x0000000745200000| Untracked 
| 473|0x0000000745200000, 0x0000000745400000, 0x0000000745400000|100%| O|  |TAMS 0x0000000745400000| PB 0x0000000745400000| Untracked 
| 474|0x0000000745400000, 0x0000000745600000, 0x0000000745600000|100%| O|  |TAMS 0x0000000745600000| PB 0x0000000745600000| Untracked 
| 475|0x0000000745600000, 0x0000000745800000, 0x0000000745800000|100%| O|  |TAMS 0x0000000745800000| PB 0x0000000745800000| Untracked 
| 476|0x0000000745800000, 0x0000000745a00000, 0x0000000745a00000|100%| O|  |TAMS 0x0000000745a00000| PB 0x0000000745a00000| Untracked 
| 477|0x0000000745a00000, 0x0000000745c00000, 0x0000000745c00000|100%| O|  |TAMS 0x0000000745c00000| PB 0x0000000745c00000| Untracked 
| 478|0x0000000745c00000, 0x0000000745e00000, 0x0000000745e00000|100%| O|  |TAMS 0x0000000745e00000| PB 0x0000000745e00000| Untracked 
| 479|0x0000000745e00000, 0x0000000746000000, 0x0000000746000000|100%| O|  |TAMS 0x0000000746000000| PB 0x0000000746000000| Untracked 
| 480|0x0000000746000000, 0x0000000746200000, 0x0000000746200000|100%| O|  |TAMS 0x0000000746200000| PB 0x0000000746200000| Untracked 
| 481|0x0000000746200000, 0x0000000746400000, 0x0000000746400000|100%| O|  |TAMS 0x0000000746400000| PB 0x0000000746400000| Untracked 
| 482|0x0000000746400000, 0x0000000746600000, 0x0000000746600000|100%| O|  |TAMS 0x0000000746600000| PB 0x0000000746600000| Untracked 
| 483|0x0000000746600000, 0x0000000746800000, 0x0000000746800000|100%| O|  |TAMS 0x0000000746800000| PB 0x0000000746800000| Untracked 
| 484|0x0000000746800000, 0x0000000746a00000, 0x0000000746a00000|100%| O|  |TAMS 0x0000000746a00000| PB 0x0000000746a00000| Untracked 
| 485|0x0000000746a00000, 0x0000000746c00000, 0x0000000746c00000|100%| O|  |TAMS 0x0000000746c00000| PB 0x0000000746c00000| Untracked 
| 486|0x0000000746c00000, 0x0000000746e00000, 0x0000000746e00000|100%| O|  |TAMS 0x0000000746e00000| PB 0x0000000746e00000| Untracked 
| 487|0x0000000746e00000, 0x0000000747000000, 0x0000000747000000|100%| O|  |TAMS 0x0000000747000000| PB 0x0000000747000000| Updating 
| 488|0x0000000747000000, 0x0000000747200000, 0x0000000747200000|100%| O|  |TAMS 0x0000000747200000| PB 0x0000000747200000| Updating 
| 489|0x0000000747200000, 0x0000000747400000, 0x0000000747400000|100%| O|  |TAMS 0x0000000747400000| PB 0x0000000747400000| Untracked 
| 490|0x0000000747400000, 0x0000000747600000, 0x0000000747600000|100%| O|  |TAMS 0x0000000747600000| PB 0x0000000747600000| Untracked 
| 491|0x0000000747600000, 0x0000000747800000, 0x0000000747800000|100%| O|  |TAMS 0x0000000747800000| PB 0x0000000747800000| Untracked 
| 492|0x0000000747800000, 0x0000000747a00000, 0x0000000747a00000|100%| O|  |TAMS 0x0000000747a00000| PB 0x0000000747a00000| Untracked 
| 493|0x0000000747a00000, 0x0000000747c00000, 0x0000000747c00000|100%| O|  |TAMS 0x0000000747c00000| PB 0x0000000747c00000| Untracked 
| 494|0x0000000747c00000, 0x0000000747e00000, 0x0000000747e00000|100%| O|  |TAMS 0x0000000747e00000| PB 0x0000000747e00000| Untracked 
| 495|0x0000000747e00000, 0x0000000748000000, 0x0000000748000000|100%| O|  |TAMS 0x0000000748000000| PB 0x0000000748000000| Untracked 
| 496|0x0000000748000000, 0x0000000748200000, 0x0000000748200000|100%| O|  |TAMS 0x0000000748200000| PB 0x0000000748200000| Untracked 
| 497|0x0000000748200000, 0x0000000748400000, 0x0000000748400000|100%| O|  |TAMS 0x0000000748400000| PB 0x0000000748400000| Untracked 
| 498|0x0000000748400000, 0x0000000748600000, 0x0000000748600000|100%| O|  |TAMS 0x0000000748600000| PB 0x0000000748600000| Untracked 
| 499|0x0000000748600000, 0x0000000748800000, 0x0000000748800000|100%| O|  |TAMS 0x0000000748800000| PB 0x0000000748800000| Untracked 
| 500|0x0000000748800000, 0x0000000748a00000, 0x0000000748a00000|100%| O|  |TAMS 0x0000000748a00000| PB 0x0000000748a00000| Untracked 
| 501|0x0000000748a00000, 0x0000000748c00000, 0x0000000748c00000|100%| O|  |TAMS 0x0000000748c00000| PB 0x0000000748c00000| Untracked 
| 502|0x0000000748c00000, 0x0000000748e00000, 0x0000000748e00000|100%| O|  |TAMS 0x0000000748e00000| PB 0x0000000748e00000| Untracked 
| 503|0x0000000748e00000, 0x0000000749000000, 0x0000000749000000|100%| O|  |TAMS 0x0000000749000000| PB 0x0000000749000000| Untracked 
| 504|0x0000000749000000, 0x0000000749200000, 0x0000000749200000|100%| O|  |TAMS 0x0000000749200000| PB 0x0000000749200000| Untracked 
| 505|0x0000000749200000, 0x0000000749400000, 0x0000000749400000|100%| O|  |TAMS 0x0000000749400000| PB 0x0000000749400000| Untracked 
| 506|0x0000000749400000, 0x0000000749600000, 0x0000000749600000|100%| O|  |TAMS 0x0000000749600000| PB 0x0000000749600000| Untracked 
| 507|0x0000000749600000, 0x0000000749800000, 0x0000000749800000|100%| O|  |TAMS 0x0000000749800000| PB 0x0000000749800000| Untracked 
| 508|0x0000000749800000, 0x0000000749a00000, 0x0000000749a00000|100%| O|  |TAMS 0x0000000749a00000| PB 0x0000000749a00000| Untracked 
| 509|0x0000000749a00000, 0x0000000749c00000, 0x0000000749c00000|100%| O|  |TAMS 0x0000000749c00000| PB 0x0000000749c00000| Untracked 
| 510|0x0000000749c00000, 0x0000000749e00000, 0x0000000749e00000|100%| O|  |TAMS 0x0000000749e00000| PB 0x0000000749e00000| Untracked 
| 511|0x0000000749e00000, 0x000000074a000000, 0x000000074a000000|100%| O|  |TAMS 0x000000074a000000| PB 0x000000074a000000| Untracked 
| 512|0x000000074a000000, 0x000000074a200000, 0x000000074a200000|100%| O|  |TAMS 0x000000074a200000| PB 0x000000074a200000| Untracked 
| 513|0x000000074a200000, 0x000000074a400000, 0x000000074a400000|100%| O|  |TAMS 0x000000074a400000| PB 0x000000074a400000| Untracked 
| 514|0x000000074a400000, 0x000000074a600000, 0x000000074a600000|100%| O|  |TAMS 0x000000074a600000| PB 0x000000074a600000| Untracked 
| 515|0x000000074a600000, 0x000000074a800000, 0x000000074a800000|100%| O|  |TAMS 0x000000074a800000| PB 0x000000074a800000| Untracked 
| 516|0x000000074a800000, 0x000000074aa00000, 0x000000074aa00000|100%| O|  |TAMS 0x000000074aa00000| PB 0x000000074aa00000| Untracked 
| 517|0x000000074aa00000, 0x000000074ac00000, 0x000000074ac00000|100%| O|  |TAMS 0x000000074ac00000| PB 0x000000074ac00000| Untracked 
| 518|0x000000074ac00000, 0x000000074ae00000, 0x000000074ae00000|100%| O|  |TAMS 0x000000074ae00000| PB 0x000000074ae00000| Untracked 
| 519|0x000000074ae00000, 0x000000074b000000, 0x000000074b000000|100%| O|  |TAMS 0x000000074b000000| PB 0x000000074b000000| Untracked 
| 520|0x000000074b000000, 0x000000074b200000, 0x000000074b200000|100%| O|  |TAMS 0x000000074b200000| PB 0x000000074b200000| Untracked 
| 521|0x000000074b200000, 0x000000074b400000, 0x000000074b400000|100%| O|  |TAMS 0x000000074b400000| PB 0x000000074b400000| Untracked 
| 522|0x000000074b400000, 0x000000074b600000, 0x000000074b600000|100%| O|  |TAMS 0x000000074b600000| PB 0x000000074b600000| Untracked 
| 523|0x000000074b600000, 0x000000074b800000, 0x000000074b800000|100%| O|  |TAMS 0x000000074b800000| PB 0x000000074b800000| Untracked 
| 524|0x000000074b800000, 0x000000074ba00000, 0x000000074ba00000|100%| O|  |TAMS 0x000000074ba00000| PB 0x000000074ba00000| Untracked 
| 525|0x000000074ba00000, 0x000000074bc00000, 0x000000074bc00000|100%| O|  |TAMS 0x000000074bc00000| PB 0x000000074bc00000| Untracked 
| 526|0x000000074bc00000, 0x000000074be00000, 0x000000074be00000|100%| O|  |TAMS 0x000000074be00000| PB 0x000000074be00000| Untracked 
| 527|0x000000074be00000, 0x000000074c000000, 0x000000074c000000|100%| O|  |TAMS 0x000000074c000000| PB 0x000000074c000000| Untracked 
| 528|0x000000074c000000, 0x000000074c200000, 0x000000074c200000|100%| O|  |TAMS 0x000000074c200000| PB 0x000000074c200000| Untracked 
| 529|0x000000074c200000, 0x000000074c400000, 0x000000074c400000|100%| O|  |TAMS 0x000000074c400000| PB 0x000000074c400000| Untracked 
| 530|0x000000074c400000, 0x000000074c600000, 0x000000074c600000|100%| O|  |TAMS 0x000000074c600000| PB 0x000000074c600000| Untracked 
| 531|0x000000074c600000, 0x000000074c800000, 0x000000074c800000|100%| O|  |TAMS 0x000000074c800000| PB 0x000000074c800000| Untracked 
| 532|0x000000074c800000, 0x000000074ca00000, 0x000000074ca00000|100%| O|  |TAMS 0x000000074ca00000| PB 0x000000074ca00000| Untracked 
| 533|0x000000074ca00000, 0x000000074cc00000, 0x000000074cc00000|100%| O|  |TAMS 0x000000074cc00000| PB 0x000000074cc00000| Untracked 
| 534|0x000000074cc00000, 0x000000074ce00000, 0x000000074ce00000|100%| O|  |TAMS 0x000000074ce00000| PB 0x000000074ce00000| Untracked 
| 535|0x000000074ce00000, 0x000000074d000000, 0x000000074d000000|100%| O|  |TAMS 0x000000074d000000| PB 0x000000074d000000| Untracked 
| 536|0x000000074d000000, 0x000000074d200000, 0x000000074d200000|100%| O|  |TAMS 0x000000074d200000| PB 0x000000074d200000| Untracked 
| 537|0x000000074d200000, 0x000000074d400000, 0x000000074d400000|100%| O|  |TAMS 0x000000074d400000| PB 0x000000074d400000| Untracked 
| 538|0x000000074d400000, 0x000000074d600000, 0x000000074d600000|100%| O|  |TAMS 0x000000074d600000| PB 0x000000074d600000| Untracked 
| 539|0x000000074d600000, 0x000000074d800000, 0x000000074d800000|100%| O|  |TAMS 0x000000074d800000| PB 0x000000074d800000| Untracked 
| 540|0x000000074d800000, 0x000000074da00000, 0x000000074da00000|100%| O|  |TAMS 0x000000074da00000| PB 0x000000074da00000| Untracked 
| 541|0x000000074da00000, 0x000000074dc00000, 0x000000074dc00000|100%| O|  |TAMS 0x000000074dc00000| PB 0x000000074dc00000| Untracked 
| 542|0x000000074dc00000, 0x000000074de00000, 0x000000074de00000|100%| O|  |TAMS 0x000000074de00000| PB 0x000000074de00000| Untracked 
| 543|0x000000074de00000, 0x000000074e000000, 0x000000074e000000|100%| O|  |TAMS 0x000000074e000000| PB 0x000000074e000000| Untracked 
| 544|0x000000074e000000, 0x000000074e200000, 0x000000074e200000|100%| O|  |TAMS 0x000000074e200000| PB 0x000000074e200000| Untracked 
| 545|0x000000074e200000, 0x000000074e400000, 0x000000074e400000|100%| O|  |TAMS 0x000000074e400000| PB 0x000000074e400000| Untracked 
| 546|0x000000074e400000, 0x000000074e600000, 0x000000074e600000|100%| O|  |TAMS 0x000000074e600000| PB 0x000000074e600000| Untracked 
| 547|0x000000074e600000, 0x000000074e800000, 0x000000074e800000|100%| O|  |TAMS 0x000000074e800000| PB 0x000000074e800000| Untracked 
| 548|0x000000074e800000, 0x000000074ea00000, 0x000000074ea00000|100%| O|  |TAMS 0x000000074ea00000| PB 0x000000074ea00000| Untracked 
| 549|0x000000074ea00000, 0x000000074ec00000, 0x000000074ec00000|100%| O|  |TAMS 0x000000074ec00000| PB 0x000000074ec00000| Untracked 
| 550|0x000000074ec00000, 0x000000074ee00000, 0x000000074ee00000|100%| O|  |TAMS 0x000000074ee00000| PB 0x000000074ee00000| Untracked 
| 551|0x000000074ee00000, 0x000000074f000000, 0x000000074f000000|100%| O|  |TAMS 0x000000074f000000| PB 0x000000074f000000| Untracked 
| 552|0x000000074f000000, 0x000000074f200000, 0x000000074f200000|100%| O|  |TAMS 0x000000074f200000| PB 0x000000074f200000| Untracked 
| 553|0x000000074f200000, 0x000000074f400000, 0x000000074f400000|100%| O|  |TAMS 0x000000074f400000| PB 0x000000074f400000| Untracked 
| 554|0x000000074f400000, 0x000000074f600000, 0x000000074f600000|100%| O|  |TAMS 0x000000074f600000| PB 0x000000074f600000| Untracked 
| 555|0x000000074f600000, 0x000000074f800000, 0x000000074f800000|100%| O|  |TAMS 0x000000074f800000| PB 0x000000074f800000| Untracked 
| 556|0x000000074f800000, 0x000000074fa00000, 0x000000074fa00000|100%| O|  |TAMS 0x000000074fa00000| PB 0x000000074fa00000| Untracked 
| 557|0x000000074fa00000, 0x000000074fc00000, 0x000000074fc00000|100%| O|  |TAMS 0x000000074fc00000| PB 0x000000074fc00000| Untracked 
| 558|0x000000074fc00000, 0x000000074fe00000, 0x000000074fe00000|100%| O|  |TAMS 0x000000074fe00000| PB 0x000000074fe00000| Untracked 
| 559|0x000000074fe00000, 0x0000000750000000, 0x0000000750000000|100%| O|  |TAMS 0x0000000750000000| PB 0x0000000750000000| Untracked 
| 560|0x0000000750000000, 0x0000000750200000, 0x0000000750200000|100%| O|  |TAMS 0x0000000750200000| PB 0x0000000750200000| Untracked 
| 561|0x0000000750200000, 0x0000000750400000, 0x0000000750400000|100%| O|  |TAMS 0x0000000750400000| PB 0x0000000750400000| Untracked 
| 562|0x0000000750400000, 0x0000000750600000, 0x0000000750600000|100%| O|  |TAMS 0x0000000750600000| PB 0x0000000750600000| Untracked 
| 563|0x0000000750600000, 0x0000000750800000, 0x0000000750800000|100%| O|  |TAMS 0x0000000750800000| PB 0x0000000750800000| Untracked 
| 564|0x0000000750800000, 0x0000000750a00000, 0x0000000750a00000|100%| O|  |TAMS 0x0000000750a00000| PB 0x0000000750a00000| Untracked 
| 565|0x0000000750a00000, 0x0000000750c00000, 0x0000000750c00000|100%| O|  |TAMS 0x0000000750c00000| PB 0x0000000750c00000| Untracked 
| 566|0x0000000750c00000, 0x0000000750e00000, 0x0000000750e00000|100%| O|  |TAMS 0x0000000750e00000| PB 0x0000000750e00000| Untracked 
| 567|0x0000000750e00000, 0x0000000751000000, 0x0000000751000000|100%| O|  |TAMS 0x0000000751000000| PB 0x0000000751000000| Untracked 
| 568|0x0000000751000000, 0x0000000751200000, 0x0000000751200000|100%| O|  |TAMS 0x0000000751200000| PB 0x0000000751200000| Untracked 
| 569|0x0000000751200000, 0x0000000751400000, 0x0000000751400000|100%| O|  |TAMS 0x0000000751400000| PB 0x0000000751400000| Untracked 
| 570|0x0000000751400000, 0x0000000751600000, 0x0000000751600000|100%| O|  |TAMS 0x0000000751600000| PB 0x0000000751600000| Updating 
| 571|0x0000000751600000, 0x0000000751800000, 0x0000000751800000|100%| O|  |TAMS 0x0000000751800000| PB 0x0000000751800000| Updating 
| 572|0x0000000751800000, 0x0000000751a00000, 0x0000000751a00000|100%| O|  |TAMS 0x0000000751a00000| PB 0x0000000751a00000| Updating 
| 573|0x0000000751a00000, 0x0000000751c00000, 0x0000000751c00000|100%| O|  |TAMS 0x0000000751c00000| PB 0x0000000751c00000| Untracked 
| 574|0x0000000751c00000, 0x0000000751e00000, 0x0000000751e00000|100%| O|  |TAMS 0x0000000751e00000| PB 0x0000000751e00000| Untracked 
| 575|0x0000000751e00000, 0x0000000752000000, 0x0000000752000000|100%| O|  |TAMS 0x0000000752000000| PB 0x0000000752000000| Untracked 
| 576|0x0000000752000000, 0x0000000752200000, 0x0000000752200000|100%| O|  |TAMS 0x0000000752200000| PB 0x0000000752200000| Untracked 
| 577|0x0000000752200000, 0x0000000752400000, 0x0000000752400000|100%| O|  |TAMS 0x0000000752400000| PB 0x0000000752400000| Untracked 
| 578|0x0000000752400000, 0x0000000752600000, 0x0000000752600000|100%| O|  |TAMS 0x0000000752600000| PB 0x0000000752600000| Untracked 
| 579|0x0000000752600000, 0x0000000752800000, 0x0000000752800000|100%| O|  |TAMS 0x0000000752800000| PB 0x0000000752800000| Untracked 
| 580|0x0000000752800000, 0x0000000752a00000, 0x0000000752a00000|100%| O|  |TAMS 0x0000000752a00000| PB 0x0000000752a00000| Untracked 
| 581|0x0000000752a00000, 0x0000000752c00000, 0x0000000752c00000|100%| O|  |TAMS 0x0000000752c00000| PB 0x0000000752c00000| Untracked 
| 582|0x0000000752c00000, 0x0000000752e00000, 0x0000000752e00000|100%| O|  |TAMS 0x0000000752e00000| PB 0x0000000752e00000| Untracked 
| 583|0x0000000752e00000, 0x0000000753000000, 0x0000000753000000|100%| O|  |TAMS 0x0000000753000000| PB 0x0000000753000000| Untracked 
| 584|0x0000000753000000, 0x0000000753200000, 0x0000000753200000|100%| O|  |TAMS 0x0000000753200000| PB 0x0000000753200000| Untracked 
| 585|0x0000000753200000, 0x0000000753400000, 0x0000000753400000|100%| O|  |TAMS 0x0000000753400000| PB 0x0000000753400000| Untracked 
| 586|0x0000000753400000, 0x0000000753600000, 0x0000000753600000|100%| O|  |TAMS 0x0000000753600000| PB 0x0000000753600000| Untracked 
| 587|0x0000000753600000, 0x0000000753800000, 0x0000000753800000|100%| O|  |TAMS 0x0000000753800000| PB 0x0000000753800000| Untracked 
| 588|0x0000000753800000, 0x0000000753a00000, 0x0000000753a00000|100%| O|  |TAMS 0x0000000753a00000| PB 0x0000000753a00000| Untracked 
| 589|0x0000000753a00000, 0x0000000753c00000, 0x0000000753c00000|100%| O|  |TAMS 0x0000000753c00000| PB 0x0000000753c00000| Untracked 
| 590|0x0000000753c00000, 0x0000000753e00000, 0x0000000753e00000|100%| O|  |TAMS 0x0000000753e00000| PB 0x0000000753e00000| Untracked 
| 591|0x0000000753e00000, 0x0000000754000000, 0x0000000754000000|100%| O|  |TAMS 0x0000000754000000| PB 0x0000000754000000| Untracked 
| 592|0x0000000754000000, 0x0000000754200000, 0x0000000754200000|100%| O|  |TAMS 0x0000000754200000| PB 0x0000000754200000| Untracked 
| 593|0x0000000754200000, 0x0000000754400000, 0x0000000754400000|100%| O|  |TAMS 0x0000000754400000| PB 0x0000000754400000| Untracked 
| 594|0x0000000754400000, 0x0000000754600000, 0x0000000754600000|100%| O|  |TAMS 0x0000000754600000| PB 0x0000000754600000| Untracked 
| 595|0x0000000754600000, 0x0000000754800000, 0x0000000754800000|100%| O|  |TAMS 0x0000000754800000| PB 0x0000000754800000| Untracked 
| 596|0x0000000754800000, 0x0000000754a00000, 0x0000000754a00000|100%| O|  |TAMS 0x0000000754a00000| PB 0x0000000754a00000| Untracked 
| 597|0x0000000754a00000, 0x0000000754c00000, 0x0000000754c00000|100%| O|  |TAMS 0x0000000754c00000| PB 0x0000000754c00000| Untracked 
| 598|0x0000000754c00000, 0x0000000754e00000, 0x0000000754e00000|100%| O|  |TAMS 0x0000000754e00000| PB 0x0000000754e00000| Untracked 
| 599|0x0000000754e00000, 0x0000000755000000, 0x0000000755000000|100%| O|  |TAMS 0x0000000755000000| PB 0x0000000755000000| Untracked 
| 600|0x0000000755000000, 0x0000000755200000, 0x0000000755200000|100%| O|  |TAMS 0x0000000755200000| PB 0x0000000755200000| Untracked 
| 601|0x0000000755200000, 0x0000000755400000, 0x0000000755400000|100%| O|  |TAMS 0x0000000755400000| PB 0x0000000755400000| Untracked 
| 602|0x0000000755400000, 0x0000000755600000, 0x0000000755600000|100%| O|  |TAMS 0x0000000755600000| PB 0x0000000755600000| Untracked 
| 603|0x0000000755600000, 0x0000000755800000, 0x0000000755800000|100%| O|  |TAMS 0x0000000755800000| PB 0x0000000755800000| Untracked 
| 604|0x0000000755800000, 0x0000000755a00000, 0x0000000755a00000|100%| O|  |TAMS 0x0000000755a00000| PB 0x0000000755a00000| Untracked 
| 605|0x0000000755a00000, 0x0000000755c00000, 0x0000000755c00000|100%| O|  |TAMS 0x0000000755c00000| PB 0x0000000755c00000| Untracked 
| 606|0x0000000755c00000, 0x0000000755e00000, 0x0000000755e00000|100%| O|  |TAMS 0x0000000755e00000| PB 0x0000000755e00000| Updating 
| 607|0x0000000755e00000, 0x0000000756000000, 0x0000000756000000|100%| O|  |TAMS 0x0000000756000000| PB 0x0000000756000000| Updating 
| 608|0x0000000756000000, 0x0000000756200000, 0x0000000756200000|100%| O|  |TAMS 0x0000000756200000| PB 0x0000000756200000| Updating 
| 609|0x0000000756200000, 0x0000000756400000, 0x0000000756400000|100%| O|  |TAMS 0x0000000756400000| PB 0x0000000756400000| Updating 
| 610|0x0000000756400000, 0x0000000756600000, 0x0000000756600000|100%| O|  |TAMS 0x0000000756600000| PB 0x0000000756600000| Untracked 
| 611|0x0000000756600000, 0x0000000756800000, 0x0000000756800000|100%| O|  |TAMS 0x0000000756800000| PB 0x0000000756800000| Untracked 
| 612|0x0000000756800000, 0x0000000756a00000, 0x0000000756a00000|100%| O|  |TAMS 0x0000000756a00000| PB 0x0000000756a00000| Untracked 
| 613|0x0000000756a00000, 0x0000000756c00000, 0x0000000756c00000|100%| O|  |TAMS 0x0000000756c00000| PB 0x0000000756c00000| Untracked 
| 614|0x0000000756c00000, 0x0000000756e00000, 0x0000000756e00000|100%| O|  |TAMS 0x0000000756e00000| PB 0x0000000756e00000| Untracked 
| 615|0x0000000756e00000, 0x0000000757000000, 0x0000000757000000|100%| O|  |TAMS 0x0000000757000000| PB 0x0000000757000000| Untracked 
| 616|0x0000000757000000, 0x0000000757200000, 0x0000000757200000|100%| O|  |TAMS 0x0000000757200000| PB 0x0000000757200000| Untracked 
| 617|0x0000000757200000, 0x0000000757400000, 0x0000000757400000|100%| O|  |TAMS 0x0000000757400000| PB 0x0000000757400000| Untracked 
| 618|0x0000000757400000, 0x0000000757600000, 0x0000000757600000|100%| O|  |TAMS 0x0000000757600000| PB 0x0000000757600000| Untracked 
| 619|0x0000000757600000, 0x0000000757800000, 0x0000000757800000|100%| O|  |TAMS 0x0000000757800000| PB 0x0000000757800000| Untracked 
| 620|0x0000000757800000, 0x0000000757a00000, 0x0000000757a00000|100%| O|  |TAMS 0x0000000757a00000| PB 0x0000000757a00000| Untracked 
| 621|0x0000000757a00000, 0x0000000757c00000, 0x0000000757c00000|100%| O|  |TAMS 0x0000000757c00000| PB 0x0000000757c00000| Untracked 
| 622|0x0000000757c00000, 0x0000000757e00000, 0x0000000757e00000|100%| O|  |TAMS 0x0000000757e00000| PB 0x0000000757e00000| Untracked 
| 623|0x0000000757e00000, 0x0000000758000000, 0x0000000758000000|100%| O|  |TAMS 0x0000000758000000| PB 0x0000000758000000| Untracked 
| 624|0x0000000758000000, 0x0000000758200000, 0x0000000758200000|100%| O|  |TAMS 0x0000000758200000| PB 0x0000000758200000| Untracked 
| 625|0x0000000758200000, 0x0000000758400000, 0x0000000758400000|100%| O|  |TAMS 0x0000000758400000| PB 0x0000000758400000| Untracked 
| 626|0x0000000758400000, 0x0000000758600000, 0x0000000758600000|100%| O|  |TAMS 0x0000000758600000| PB 0x0000000758600000| Untracked 
| 627|0x0000000758600000, 0x0000000758800000, 0x0000000758800000|100%| O|  |TAMS 0x0000000758800000| PB 0x0000000758800000| Untracked 
| 628|0x0000000758800000, 0x0000000758a00000, 0x0000000758a00000|100%| O|  |TAMS 0x0000000758a00000| PB 0x0000000758a00000| Untracked 
| 629|0x0000000758a00000, 0x0000000758c00000, 0x0000000758c00000|100%| O|  |TAMS 0x0000000758c00000| PB 0x0000000758c00000| Untracked 
| 630|0x0000000758c00000, 0x0000000758e00000, 0x0000000758e00000|100%| O|  |TAMS 0x0000000758e00000| PB 0x0000000758e00000| Untracked 
| 631|0x0000000758e00000, 0x0000000759000000, 0x0000000759000000|100%| O|  |TAMS 0x0000000759000000| PB 0x0000000759000000| Untracked 
| 632|0x0000000759000000, 0x0000000759200000, 0x0000000759200000|100%| O|  |TAMS 0x0000000759200000| PB 0x0000000759200000| Untracked 
| 633|0x0000000759200000, 0x0000000759400000, 0x0000000759400000|100%| O|  |TAMS 0x0000000759400000| PB 0x0000000759400000| Untracked 
| 634|0x0000000759400000, 0x0000000759600000, 0x0000000759600000|100%| O|  |TAMS 0x0000000759600000| PB 0x0000000759600000| Untracked 
| 635|0x0000000759600000, 0x0000000759800000, 0x0000000759800000|100%| O|  |TAMS 0x0000000759800000| PB 0x0000000759800000| Untracked 
| 636|0x0000000759800000, 0x0000000759a00000, 0x0000000759a00000|100%| O|  |TAMS 0x0000000759a00000| PB 0x0000000759a00000| Untracked 
| 637|0x0000000759a00000, 0x0000000759c00000, 0x0000000759c00000|100%| O|  |TAMS 0x0000000759c00000| PB 0x0000000759c00000| Untracked 
| 638|0x0000000759c00000, 0x0000000759e00000, 0x0000000759e00000|100%| O|  |TAMS 0x0000000759e00000| PB 0x0000000759e00000| Untracked 
| 639|0x0000000759e00000, 0x000000075a000000, 0x000000075a000000|100%| O|  |TAMS 0x000000075a000000| PB 0x000000075a000000| Untracked 
| 640|0x000000075a000000, 0x000000075a200000, 0x000000075a200000|100%| O|  |TAMS 0x000000075a200000| PB 0x000000075a200000| Untracked 
| 641|0x000000075a200000, 0x000000075a400000, 0x000000075a400000|100%| O|  |TAMS 0x000000075a400000| PB 0x000000075a400000| Untracked 
| 642|0x000000075a400000, 0x000000075a600000, 0x000000075a600000|100%| O|  |TAMS 0x000000075a600000| PB 0x000000075a600000| Untracked 
| 643|0x000000075a600000, 0x000000075a800000, 0x000000075a800000|100%| O|  |TAMS 0x000000075a800000| PB 0x000000075a800000| Untracked 
| 644|0x000000075a800000, 0x000000075aa00000, 0x000000075aa00000|100%| O|  |TAMS 0x000000075aa00000| PB 0x000000075aa00000| Untracked 
| 645|0x000000075aa00000, 0x000000075ac00000, 0x000000075ac00000|100%| O|  |TAMS 0x000000075ac00000| PB 0x000000075ac00000| Untracked 
| 646|0x000000075ac00000, 0x000000075ae00000, 0x000000075ae00000|100%| O|  |TAMS 0x000000075ae00000| PB 0x000000075ae00000| Untracked 
| 647|0x000000075ae00000, 0x000000075b000000, 0x000000075b000000|100%| O|  |TAMS 0x000000075b000000| PB 0x000000075b000000| Untracked 
| 648|0x000000075b000000, 0x000000075b200000, 0x000000075b200000|100%| O|  |TAMS 0x000000075b200000| PB 0x000000075b200000| Untracked 
| 649|0x000000075b200000, 0x000000075b400000, 0x000000075b400000|100%| O|  |TAMS 0x000000075b400000| PB 0x000000075b400000| Untracked 
| 650|0x000000075b400000, 0x000000075b600000, 0x000000075b600000|100%| O|  |TAMS 0x000000075b600000| PB 0x000000075b600000| Untracked 
| 651|0x000000075b600000, 0x000000075b800000, 0x000000075b800000|100%| O|  |TAMS 0x000000075b800000| PB 0x000000075b800000| Untracked 
| 652|0x000000075b800000, 0x000000075ba00000, 0x000000075ba00000|100%| O|  |TAMS 0x000000075ba00000| PB 0x000000075ba00000| Untracked 
| 653|0x000000075ba00000, 0x000000075bc00000, 0x000000075bc00000|100%| O|  |TAMS 0x000000075bc00000| PB 0x000000075bc00000| Untracked 
| 654|0x000000075bc00000, 0x000000075be00000, 0x000000075be00000|100%| O|  |TAMS 0x000000075be00000| PB 0x000000075be00000| Untracked 
| 655|0x000000075be00000, 0x000000075c000000, 0x000000075c000000|100%| O|  |TAMS 0x000000075c000000| PB 0x000000075c000000| Untracked 
| 656|0x000000075c000000, 0x000000075c200000, 0x000000075c200000|100%| O|  |TAMS 0x000000075c200000| PB 0x000000075c200000| Untracked 
| 657|0x000000075c200000, 0x000000075c400000, 0x000000075c400000|100%| O|  |TAMS 0x000000075c400000| PB 0x000000075c400000| Untracked 
| 658|0x000000075c400000, 0x000000075c600000, 0x000000075c600000|100%| O|  |TAMS 0x000000075c600000| PB 0x000000075c600000| Untracked 
| 659|0x000000075c600000, 0x000000075c800000, 0x000000075c800000|100%| O|  |TAMS 0x000000075c800000| PB 0x000000075c800000| Untracked 
| 660|0x000000075c800000, 0x000000075ca00000, 0x000000075ca00000|100%| O|  |TAMS 0x000000075ca00000| PB 0x000000075ca00000| Untracked 
| 661|0x000000075ca00000, 0x000000075cc00000, 0x000000075cc00000|100%| O|  |TAMS 0x000000075cc00000| PB 0x000000075cc00000| Untracked 
| 662|0x000000075cc00000, 0x000000075ce00000, 0x000000075ce00000|100%| O|  |TAMS 0x000000075ce00000| PB 0x000000075ce00000| Untracked 
| 663|0x000000075ce00000, 0x000000075d000000, 0x000000075d000000|100%| O|  |TAMS 0x000000075d000000| PB 0x000000075d000000| Untracked 
| 664|0x000000075d000000, 0x000000075d200000, 0x000000075d200000|100%| O|  |TAMS 0x000000075d200000| PB 0x000000075d200000| Untracked 
| 665|0x000000075d200000, 0x000000075d400000, 0x000000075d400000|100%| O|  |TAMS 0x000000075d400000| PB 0x000000075d400000| Untracked 
| 666|0x000000075d400000, 0x000000075d600000, 0x000000075d600000|100%| O|  |TAMS 0x000000075d600000| PB 0x000000075d600000| Untracked 
| 667|0x000000075d600000, 0x000000075d800000, 0x000000075d800000|100%| O|  |TAMS 0x000000075d800000| PB 0x000000075d800000| Untracked 
| 668|0x000000075d800000, 0x000000075da00000, 0x000000075da00000|100%| O|  |TAMS 0x000000075da00000| PB 0x000000075da00000| Untracked 
| 669|0x000000075da00000, 0x000000075dc00000, 0x000000075dc00000|100%| O|  |TAMS 0x000000075dc00000| PB 0x000000075dc00000| Untracked 
| 670|0x000000075dc00000, 0x000000075de00000, 0x000000075de00000|100%| O|  |TAMS 0x000000075de00000| PB 0x000000075de00000| Untracked 
| 671|0x000000075de00000, 0x000000075e000000, 0x000000075e000000|100%| O|  |TAMS 0x000000075e000000| PB 0x000000075e000000| Untracked 
| 672|0x000000075e000000, 0x000000075e200000, 0x000000075e200000|100%| O|  |TAMS 0x000000075e200000| PB 0x000000075e200000| Untracked 
| 673|0x000000075e200000, 0x000000075e400000, 0x000000075e400000|100%| O|  |TAMS 0x000000075e400000| PB 0x000000075e400000| Untracked 
| 674|0x000000075e400000, 0x000000075e600000, 0x000000075e600000|100%| O|  |TAMS 0x000000075e600000| PB 0x000000075e600000| Untracked 
| 675|0x000000075e600000, 0x000000075e800000, 0x000000075e800000|100%| O|  |TAMS 0x000000075e800000| PB 0x000000075e800000| Untracked 
| 676|0x000000075e800000, 0x000000075ea00000, 0x000000075ea00000|100%| O|  |TAMS 0x000000075ea00000| PB 0x000000075ea00000| Untracked 
| 677|0x000000075ea00000, 0x000000075ec00000, 0x000000075ec00000|100%| O|  |TAMS 0x000000075ec00000| PB 0x000000075ec00000| Untracked 
| 678|0x000000075ec00000, 0x000000075ee00000, 0x000000075ee00000|100%| O|  |TAMS 0x000000075ee00000| PB 0x000000075ee00000| Untracked 
| 679|0x000000075ee00000, 0x000000075f000000, 0x000000075f000000|100%| O|  |TAMS 0x000000075f000000| PB 0x000000075f000000| Untracked 
| 680|0x000000075f000000, 0x000000075f200000, 0x000000075f200000|100%| O|  |TAMS 0x000000075f200000| PB 0x000000075f200000| Untracked 
| 681|0x000000075f200000, 0x000000075f400000, 0x000000075f400000|100%| O|  |TAMS 0x000000075f400000| PB 0x000000075f400000| Untracked 
| 682|0x000000075f400000, 0x000000075f600000, 0x000000075f600000|100%| O|  |TAMS 0x000000075f600000| PB 0x000000075f600000| Untracked 
| 683|0x000000075f600000, 0x000000075f800000, 0x000000075f800000|100%| O|  |TAMS 0x000000075f800000| PB 0x000000075f800000| Untracked 
| 684|0x000000075f800000, 0x000000075fa00000, 0x000000075fa00000|100%| O|  |TAMS 0x000000075fa00000| PB 0x000000075fa00000| Untracked 
| 685|0x000000075fa00000, 0x000000075fc00000, 0x000000075fc00000|100%| O|  |TAMS 0x000000075fc00000| PB 0x000000075fc00000| Untracked 
| 686|0x000000075fc00000, 0x000000075fe00000, 0x000000075fe00000|100%| O|  |TAMS 0x000000075fe00000| PB 0x000000075fe00000| Untracked 
| 687|0x000000075fe00000, 0x0000000760000000, 0x0000000760000000|100%| O|  |TAMS 0x0000000760000000| PB 0x0000000760000000| Untracked 
| 688|0x0000000760000000, 0x0000000760200000, 0x0000000760200000|100%| O|  |TAMS 0x0000000760200000| PB 0x0000000760200000| Untracked 
| 689|0x0000000760200000, 0x0000000760400000, 0x0000000760400000|100%| O|  |TAMS 0x0000000760400000| PB 0x0000000760400000| Untracked 
| 690|0x0000000760400000, 0x0000000760600000, 0x0000000760600000|100%| O|  |TAMS 0x0000000760600000| PB 0x0000000760600000| Untracked 
| 691|0x0000000760600000, 0x0000000760800000, 0x0000000760800000|100%| O|  |TAMS 0x0000000760800000| PB 0x0000000760800000| Untracked 
| 692|0x0000000760800000, 0x0000000760a00000, 0x0000000760a00000|100%| O|  |TAMS 0x0000000760a00000| PB 0x0000000760a00000| Untracked 
| 693|0x0000000760a00000, 0x0000000760c00000, 0x0000000760c00000|100%| O|  |TAMS 0x0000000760c00000| PB 0x0000000760c00000| Untracked 
| 694|0x0000000760c00000, 0x0000000760e00000, 0x0000000760e00000|100%| O|  |TAMS 0x0000000760e00000| PB 0x0000000760e00000| Untracked 
| 695|0x0000000760e00000, 0x0000000761000000, 0x0000000761000000|100%| O|  |TAMS 0x0000000761000000| PB 0x0000000761000000| Untracked 
| 696|0x0000000761000000, 0x0000000761200000, 0x0000000761200000|100%| O|  |TAMS 0x0000000761200000| PB 0x0000000761200000| Updating 
| 697|0x0000000761200000, 0x0000000761400000, 0x0000000761400000|100%| O|  |TAMS 0x0000000761200000| PB 0x0000000761200000| Untracked 
| 698|0x0000000761400000, 0x0000000761600000, 0x0000000761600000|100%| O|  |TAMS 0x0000000761400000| PB 0x0000000761400000| Untracked 
| 699|0x0000000761600000, 0x0000000761800000, 0x0000000761800000|100%| O|  |TAMS 0x0000000761800000| PB 0x0000000761800000| Untracked 
| 700|0x0000000761800000, 0x0000000761a00000, 0x0000000761a00000|100%| O|  |TAMS 0x0000000761a00000| PB 0x0000000761a00000| Untracked 
| 701|0x0000000761a00000, 0x0000000761c00000, 0x0000000761c00000|100%| O|  |TAMS 0x0000000761c00000| PB 0x0000000761c00000| Untracked 
| 702|0x0000000761c00000, 0x0000000761e00000, 0x0000000761e00000|100%| O|  |TAMS 0x0000000761e00000| PB 0x0000000761e00000| Untracked 
| 703|0x0000000761e00000, 0x0000000762000000, 0x0000000762000000|100%| O|  |TAMS 0x0000000762000000| PB 0x0000000762000000| Untracked 
| 704|0x0000000762000000, 0x0000000762200000, 0x0000000762200000|100%| O|  |TAMS 0x0000000762200000| PB 0x0000000762200000| Untracked 
| 705|0x0000000762200000, 0x0000000762400000, 0x0000000762400000|100%| O|  |TAMS 0x0000000762400000| PB 0x0000000762400000| Untracked 
| 706|0x0000000762400000, 0x0000000762600000, 0x0000000762600000|100%| O|  |TAMS 0x0000000762600000| PB 0x0000000762600000| Untracked 
| 707|0x0000000762600000, 0x0000000762800000, 0x0000000762800000|100%| O|  |TAMS 0x0000000762800000| PB 0x0000000762800000| Untracked 
| 708|0x0000000762800000, 0x0000000762a00000, 0x0000000762a00000|100%| O|  |TAMS 0x0000000762a00000| PB 0x0000000762a00000| Untracked 
| 709|0x0000000762a00000, 0x0000000762c00000, 0x0000000762c00000|100%| O|  |TAMS 0x0000000762c00000| PB 0x0000000762c00000| Untracked 
| 710|0x0000000762c00000, 0x0000000762e00000, 0x0000000762e00000|100%| O|  |TAMS 0x0000000762e00000| PB 0x0000000762e00000| Untracked 
| 711|0x0000000762e00000, 0x0000000763000000, 0x0000000763000000|100%| O|  |TAMS 0x0000000763000000| PB 0x0000000763000000| Untracked 
| 712|0x0000000763000000, 0x0000000763200000, 0x0000000763200000|100%| O|  |TAMS 0x0000000763200000| PB 0x0000000763200000| Untracked 
| 713|0x0000000763200000, 0x0000000763400000, 0x0000000763400000|100%| O|  |TAMS 0x0000000763400000| PB 0x0000000763400000| Untracked 
| 714|0x0000000763400000, 0x0000000763600000, 0x0000000763600000|100%| O|  |TAMS 0x0000000763600000| PB 0x0000000763600000| Untracked 
| 715|0x0000000763600000, 0x0000000763800000, 0x0000000763800000|100%| O|  |TAMS 0x0000000763800000| PB 0x0000000763800000| Untracked 
| 716|0x0000000763800000, 0x0000000763a00000, 0x0000000763a00000|100%| O|  |TAMS 0x0000000763a00000| PB 0x0000000763a00000| Untracked 
| 717|0x0000000763a00000, 0x0000000763c00000, 0x0000000763c00000|100%| O|  |TAMS 0x0000000763c00000| PB 0x0000000763c00000| Untracked 
| 718|0x0000000763c00000, 0x0000000763e00000, 0x0000000763e00000|100%| O|  |TAMS 0x0000000763e00000| PB 0x0000000763e00000| Untracked 
| 719|0x0000000763e00000, 0x0000000764000000, 0x0000000764000000|100%| O|  |TAMS 0x0000000764000000| PB 0x0000000764000000| Untracked 
| 720|0x0000000764000000, 0x0000000764200000, 0x0000000764200000|100%| O|  |TAMS 0x0000000764200000| PB 0x0000000764200000| Untracked 
| 721|0x0000000764200000, 0x0000000764400000, 0x0000000764400000|100%| O|  |TAMS 0x0000000764400000| PB 0x0000000764400000| Untracked 
| 722|0x0000000764400000, 0x0000000764600000, 0x0000000764600000|100%| O|  |TAMS 0x0000000764600000| PB 0x0000000764600000| Untracked 
| 723|0x0000000764600000, 0x0000000764800000, 0x0000000764800000|100%| O|  |TAMS 0x0000000764800000| PB 0x0000000764800000| Untracked 
| 724|0x0000000764800000, 0x0000000764a00000, 0x0000000764a00000|100%| O|  |TAMS 0x0000000764a00000| PB 0x0000000764a00000| Untracked 
| 725|0x0000000764a00000, 0x0000000764c00000, 0x0000000764c00000|100%| O|  |TAMS 0x0000000764c00000| PB 0x0000000764c00000| Untracked 
| 726|0x0000000764c00000, 0x0000000764e00000, 0x0000000764e00000|100%| O|  |TAMS 0x0000000764e00000| PB 0x0000000764e00000| Untracked 
| 727|0x0000000764e00000, 0x0000000765000000, 0x0000000765000000|100%| O|  |TAMS 0x0000000765000000| PB 0x0000000765000000| Untracked 
| 728|0x0000000765000000, 0x0000000765200000, 0x0000000765200000|100%| O|  |TAMS 0x0000000765200000| PB 0x0000000765200000| Untracked 
| 729|0x0000000765200000, 0x0000000765400000, 0x0000000765400000|100%| O|  |TAMS 0x0000000765400000| PB 0x0000000765400000| Untracked 
| 730|0x0000000765400000, 0x0000000765600000, 0x0000000765600000|100%| O|  |TAMS 0x0000000765600000| PB 0x0000000765600000| Untracked 
| 731|0x0000000765600000, 0x0000000765800000, 0x0000000765800000|100%| O|  |TAMS 0x0000000765800000| PB 0x0000000765800000| Untracked 
| 732|0x0000000765800000, 0x0000000765a00000, 0x0000000765a00000|100%| O|  |TAMS 0x0000000765a00000| PB 0x0000000765a00000| Untracked 
| 733|0x0000000765a00000, 0x0000000765c00000, 0x0000000765c00000|100%| O|  |TAMS 0x0000000765c00000| PB 0x0000000765c00000| Untracked 
| 734|0x0000000765c00000, 0x0000000765e00000, 0x0000000765e00000|100%| O|  |TAMS 0x0000000765e00000| PB 0x0000000765e00000| Untracked 
| 735|0x0000000765e00000, 0x0000000766000000, 0x0000000766000000|100%| O|  |TAMS 0x0000000766000000| PB 0x0000000766000000| Untracked 
| 736|0x0000000766000000, 0x0000000766200000, 0x0000000766200000|100%| O|  |TAMS 0x0000000766200000| PB 0x0000000766200000| Untracked 
| 737|0x0000000766200000, 0x0000000766400000, 0x0000000766400000|100%| O|  |TAMS 0x0000000766400000| PB 0x0000000766400000| Untracked 
| 738|0x0000000766400000, 0x0000000766600000, 0x0000000766600000|100%| O|  |TAMS 0x0000000766600000| PB 0x0000000766600000| Untracked 
| 739|0x0000000766600000, 0x0000000766800000, 0x0000000766800000|100%| O|  |TAMS 0x0000000766800000| PB 0x0000000766800000| Untracked 
| 740|0x0000000766800000, 0x0000000766a00000, 0x0000000766a00000|100%| O|  |TAMS 0x0000000766a00000| PB 0x0000000766a00000| Untracked 
| 741|0x0000000766a00000, 0x0000000766c00000, 0x0000000766c00000|100%| O|  |TAMS 0x0000000766c00000| PB 0x0000000766c00000| Untracked 
| 742|0x0000000766c00000, 0x0000000766e00000, 0x0000000766e00000|100%| O|  |TAMS 0x0000000766e00000| PB 0x0000000766e00000| Untracked 
| 743|0x0000000766e00000, 0x0000000767000000, 0x0000000767000000|100%| O|  |TAMS 0x0000000767000000| PB 0x0000000767000000| Untracked 
| 744|0x0000000767000000, 0x0000000767200000, 0x0000000767200000|100%| O|  |TAMS 0x0000000767200000| PB 0x0000000767200000| Untracked 
| 745|0x0000000767200000, 0x0000000767400000, 0x0000000767400000|100%| O|  |TAMS 0x0000000767400000| PB 0x0000000767400000| Untracked 
| 746|0x0000000767400000, 0x0000000767600000, 0x0000000767600000|100%| O|  |TAMS 0x0000000767600000| PB 0x0000000767600000| Untracked 
| 747|0x0000000767600000, 0x0000000767800000, 0x0000000767800000|100%| O|  |TAMS 0x0000000767800000| PB 0x0000000767800000| Untracked 
| 748|0x0000000767800000, 0x0000000767a00000, 0x0000000767a00000|100%| O|  |TAMS 0x0000000767a00000| PB 0x0000000767a00000| Untracked 
| 749|0x0000000767a00000, 0x0000000767c00000, 0x0000000767c00000|100%| O|  |TAMS 0x0000000767c00000| PB 0x0000000767c00000| Untracked 
| 750|0x0000000767c00000, 0x0000000767e00000, 0x0000000767e00000|100%| O|  |TAMS 0x0000000767e00000| PB 0x0000000767e00000| Untracked 
| 751|0x0000000767e00000, 0x0000000768000000, 0x0000000768000000|100%| O|  |TAMS 0x0000000768000000| PB 0x0000000768000000| Untracked 
| 752|0x0000000768000000, 0x0000000768200000, 0x0000000768200000|100%| O|  |TAMS 0x0000000768200000| PB 0x0000000768200000| Untracked 
| 753|0x0000000768200000, 0x0000000768400000, 0x0000000768400000|100%| O|  |TAMS 0x0000000768400000| PB 0x0000000768400000| Untracked 
| 754|0x0000000768400000, 0x0000000768600000, 0x0000000768600000|100%| O|  |TAMS 0x0000000768600000| PB 0x0000000768600000| Untracked 
| 755|0x0000000768600000, 0x0000000768800000, 0x0000000768800000|100%| O|  |TAMS 0x0000000768800000| PB 0x0000000768800000| Untracked 
| 756|0x0000000768800000, 0x0000000768a00000, 0x0000000768a00000|100%| O|  |TAMS 0x0000000768a00000| PB 0x0000000768a00000| Untracked 
| 757|0x0000000768a00000, 0x0000000768c00000, 0x0000000768c00000|100%| O|  |TAMS 0x0000000768c00000| PB 0x0000000768c00000| Untracked 
| 758|0x0000000768c00000, 0x0000000768e00000, 0x0000000768e00000|100%| O|  |TAMS 0x0000000768e00000| PB 0x0000000768e00000| Untracked 
| 759|0x0000000768e00000, 0x0000000769000000, 0x0000000769000000|100%| O|  |TAMS 0x0000000769000000| PB 0x0000000769000000| Untracked 
| 760|0x0000000769000000, 0x0000000769200000, 0x0000000769200000|100%| O|  |TAMS 0x0000000769200000| PB 0x0000000769200000| Updating 
| 761|0x0000000769200000, 0x0000000769400000, 0x0000000769400000|100%| O|  |TAMS 0x0000000769400000| PB 0x0000000769400000| Updating 
| 762|0x0000000769400000, 0x0000000769600000, 0x0000000769600000|100%| O|  |TAMS 0x0000000769400000| PB 0x0000000769400000| Untracked 
| 763|0x0000000769600000, 0x0000000769800000, 0x0000000769800000|100%| O|  |TAMS 0x0000000769600000| PB 0x0000000769600000| Untracked 
| 764|0x0000000769800000, 0x0000000769a00000, 0x0000000769a00000|100%| O|  |TAMS 0x0000000769800000| PB 0x0000000769800000| Untracked 
| 765|0x0000000769a00000, 0x0000000769c00000, 0x0000000769c00000|100%| O|  |TAMS 0x0000000769c00000| PB 0x0000000769c00000| Updating 
| 766|0x0000000769c00000, 0x0000000769e00000, 0x0000000769e00000|100%| O|  |TAMS 0x0000000769e00000| PB 0x0000000769e00000| Untracked 
| 767|0x0000000769e00000, 0x000000076a000000, 0x000000076a000000|100%| O|  |TAMS 0x000000076a000000| PB 0x000000076a000000| Untracked 
| 768|0x000000076a000000, 0x000000076a200000, 0x000000076a200000|100%| O|  |TAMS 0x000000076a200000| PB 0x000000076a200000| Untracked 
| 769|0x000000076a200000, 0x000000076a400000, 0x000000076a400000|100%| O|  |TAMS 0x000000076a400000| PB 0x000000076a400000| Untracked 
| 770|0x000000076a400000, 0x000000076a600000, 0x000000076a600000|100%| O|  |TAMS 0x000000076a600000| PB 0x000000076a600000| Untracked 
| 771|0x000000076a600000, 0x000000076a800000, 0x000000076a800000|100%| O|  |TAMS 0x000000076a800000| PB 0x000000076a800000| Untracked 
| 772|0x000000076a800000, 0x000000076aa00000, 0x000000076aa00000|100%| O|  |TAMS 0x000000076aa00000| PB 0x000000076aa00000| Untracked 
| 773|0x000000076aa00000, 0x000000076ac00000, 0x000000076ac00000|100%| O|  |TAMS 0x000000076ac00000| PB 0x000000076ac00000| Untracked 
| 774|0x000000076ac00000, 0x000000076ae00000, 0x000000076ae00000|100%| O|  |TAMS 0x000000076ae00000| PB 0x000000076ae00000| Untracked 
| 775|0x000000076ae00000, 0x000000076b000000, 0x000000076b000000|100%| O|  |TAMS 0x000000076b000000| PB 0x000000076b000000| Untracked 
| 776|0x000000076b000000, 0x000000076b200000, 0x000000076b200000|100%| O|  |TAMS 0x000000076b200000| PB 0x000000076b200000| Untracked 
| 777|0x000000076b200000, 0x000000076b400000, 0x000000076b400000|100%| O|  |TAMS 0x000000076b400000| PB 0x000000076b400000| Untracked 
| 778|0x000000076b400000, 0x000000076b600000, 0x000000076b600000|100%| O|  |TAMS 0x000000076b600000| PB 0x000000076b600000| Untracked 
| 779|0x000000076b600000, 0x000000076b800000, 0x000000076b800000|100%| O|  |TAMS 0x000000076b800000| PB 0x000000076b800000| Untracked 
| 780|0x000000076b800000, 0x000000076ba00000, 0x000000076ba00000|100%| O|  |TAMS 0x000000076ba00000| PB 0x000000076ba00000| Untracked 
| 781|0x000000076ba00000, 0x000000076bc00000, 0x000000076bc00000|100%| O|  |TAMS 0x000000076bc00000| PB 0x000000076bc00000| Untracked 
| 782|0x000000076bc00000, 0x000000076be00000, 0x000000076be00000|100%| O|  |TAMS 0x000000076be00000| PB 0x000000076be00000| Untracked 
| 783|0x000000076be00000, 0x000000076c000000, 0x000000076c000000|100%| O|  |TAMS 0x000000076c000000| PB 0x000000076c000000| Updating 
| 784|0x000000076c000000, 0x000000076c200000, 0x000000076c200000|100%| O|  |TAMS 0x000000076c200000| PB 0x000000076c200000| Untracked 
| 785|0x000000076c200000, 0x000000076c400000, 0x000000076c400000|100%| O|  |TAMS 0x000000076c400000| PB 0x000000076c400000| Updating 
| 786|0x000000076c400000, 0x000000076c600000, 0x000000076c600000|100%| O|  |TAMS 0x000000076c600000| PB 0x000000076c600000| Untracked 
| 787|0x000000076c600000, 0x000000076c800000, 0x000000076c800000|100%| O|  |TAMS 0x000000076c800000| PB 0x000000076c800000| Updating 
| 788|0x000000076c800000, 0x000000076ca00000, 0x000000076ca00000|100%| O|  |TAMS 0x000000076ca00000| PB 0x000000076ca00000| Updating 
| 789|0x000000076ca00000, 0x000000076cc00000, 0x000000076cc00000|100%| O|  |TAMS 0x000000076cc00000| PB 0x000000076cc00000| Updating 
| 790|0x000000076cc00000, 0x000000076ce00000, 0x000000076ce00000|100%| O|  |TAMS 0x000000076ce00000| PB 0x000000076ce00000| Untracked 
| 791|0x000000076ce00000, 0x000000076d000000, 0x000000076d000000|100%| O|  |TAMS 0x000000076d000000| PB 0x000000076d000000| Untracked 
| 792|0x000000076d000000, 0x000000076d200000, 0x000000076d200000|100%| O|  |TAMS 0x000000076d200000| PB 0x000000076d200000| Untracked 
| 793|0x000000076d200000, 0x000000076d400000, 0x000000076d400000|100%| O|  |TAMS 0x000000076d400000| PB 0x000000076d400000| Untracked 
| 794|0x000000076d400000, 0x000000076d600000, 0x000000076d600000|100%| O|  |TAMS 0x000000076d600000| PB 0x000000076d600000| Untracked 
| 795|0x000000076d600000, 0x000000076d800000, 0x000000076d800000|100%| O|  |TAMS 0x000000076d800000| PB 0x000000076d800000| Untracked 
| 796|0x000000076d800000, 0x000000076da00000, 0x000000076da00000|100%| O|  |TAMS 0x000000076da00000| PB 0x000000076da00000| Untracked 
| 797|0x000000076da00000, 0x000000076dc00000, 0x000000076dc00000|100%| O|  |TAMS 0x000000076dc00000| PB 0x000000076dc00000| Untracked 
| 798|0x000000076dc00000, 0x000000076de00000, 0x000000076de00000|100%| O|  |TAMS 0x000000076de00000| PB 0x000000076de00000| Untracked 
| 799|0x000000076de00000, 0x000000076e000000, 0x000000076e000000|100%| O|  |TAMS 0x000000076e000000| PB 0x000000076e000000| Untracked 
| 800|0x000000076e000000, 0x000000076e200000, 0x000000076e200000|100%| O|  |TAMS 0x000000076e200000| PB 0x000000076e200000| Untracked 
| 801|0x000000076e200000, 0x000000076e400000, 0x000000076e400000|100%| O|  |TAMS 0x000000076e400000| PB 0x000000076e400000| Untracked 
| 802|0x000000076e400000, 0x000000076e600000, 0x000000076e600000|100%| O|  |TAMS 0x000000076e600000| PB 0x000000076e600000| Untracked 
| 803|0x000000076e600000, 0x000000076e800000, 0x000000076e800000|100%| O|  |TAMS 0x000000076e800000| PB 0x000000076e800000| Untracked 
| 804|0x000000076e800000, 0x000000076ea00000, 0x000000076ea00000|100%| O|  |TAMS 0x000000076ea00000| PB 0x000000076ea00000| Untracked 
| 805|0x000000076ea00000, 0x000000076ec00000, 0x000000076ec00000|100%| O|  |TAMS 0x000000076ec00000| PB 0x000000076ec00000| Untracked 
| 806|0x000000076ec00000, 0x000000076ee00000, 0x000000076ee00000|100%| O|  |TAMS 0x000000076ee00000| PB 0x000000076ee00000| Untracked 
| 807|0x000000076ee00000, 0x000000076f000000, 0x000000076f000000|100%| O|  |TAMS 0x000000076f000000| PB 0x000000076f000000| Updating 
| 808|0x000000076f000000, 0x000000076f200000, 0x000000076f200000|100%| O|  |TAMS 0x000000076f200000| PB 0x000000076f200000| Updating 
| 809|0x000000076f200000, 0x000000076f400000, 0x000000076f400000|100%| O|  |TAMS 0x000000076f400000| PB 0x000000076f400000| Updating 
| 810|0x000000076f400000, 0x000000076f600000, 0x000000076f600000|100%| O|  |TAMS 0x000000076f600000| PB 0x000000076f600000| Updating 
| 811|0x000000076f600000, 0x000000076f800000, 0x000000076f800000|100%| O|  |TAMS 0x000000076f800000| PB 0x000000076f800000| Updating 
| 812|0x000000076f800000, 0x000000076fa00000, 0x000000076fa00000|100%| O|  |TAMS 0x000000076fa00000| PB 0x000000076fa00000| Untracked 
| 813|0x000000076fa00000, 0x000000076fc00000, 0x000000076fc00000|100%| O|  |TAMS 0x000000076fc00000| PB 0x000000076fc00000| Untracked 
| 814|0x000000076fc00000, 0x000000076fe00000, 0x000000076fe00000|100%| O|  |TAMS 0x000000076fe00000| PB 0x000000076fe00000| Untracked 
| 815|0x000000076fe00000, 0x0000000770000000, 0x0000000770000000|100%| O|  |TAMS 0x0000000770000000| PB 0x0000000770000000| Untracked 
| 816|0x0000000770000000, 0x0000000770200000, 0x0000000770200000|100%| O|  |TAMS 0x0000000770200000| PB 0x0000000770200000| Untracked 
| 817|0x0000000770200000, 0x0000000770400000, 0x0000000770400000|100%| O|  |TAMS 0x0000000770400000| PB 0x0000000770400000| Untracked 
| 818|0x0000000770400000, 0x0000000770600000, 0x0000000770600000|100%| O|  |TAMS 0x0000000770600000| PB 0x0000000770600000| Untracked 
| 819|0x0000000770600000, 0x0000000770800000, 0x0000000770800000|100%| O|  |TAMS 0x0000000770800000| PB 0x0000000770800000| Untracked 
| 820|0x0000000770800000, 0x0000000770a00000, 0x0000000770a00000|100%| O|  |TAMS 0x0000000770a00000| PB 0x0000000770a00000| Untracked 
| 821|0x0000000770a00000, 0x0000000770c00000, 0x0000000770c00000|100%| O|  |TAMS 0x0000000770c00000| PB 0x0000000770c00000| Untracked 
| 822|0x0000000770c00000, 0x0000000770e00000, 0x0000000770e00000|100%| O|  |TAMS 0x0000000770e00000| PB 0x0000000770e00000| Untracked 
| 823|0x0000000770e00000, 0x0000000771000000, 0x0000000771000000|100%| O|  |TAMS 0x0000000771000000| PB 0x0000000771000000| Untracked 
| 824|0x0000000771000000, 0x0000000771200000, 0x0000000771200000|100%| O|  |TAMS 0x0000000771200000| PB 0x0000000771200000| Untracked 
| 825|0x0000000771200000, 0x0000000771400000, 0x0000000771400000|100%| O|  |TAMS 0x0000000771400000| PB 0x0000000771400000| Untracked 
| 826|0x0000000771400000, 0x0000000771600000, 0x0000000771600000|100%| O|  |TAMS 0x0000000771600000| PB 0x0000000771600000| Untracked 
| 827|0x0000000771600000, 0x0000000771800000, 0x0000000771800000|100%| O|  |TAMS 0x0000000771800000| PB 0x0000000771800000| Untracked 
| 828|0x0000000771800000, 0x0000000771a00000, 0x0000000771a00000|100%| O|  |TAMS 0x0000000771a00000| PB 0x0000000771a00000| Untracked 
| 829|0x0000000771a00000, 0x0000000771c00000, 0x0000000771c00000|100%| O|  |TAMS 0x0000000771c00000| PB 0x0000000771c00000| Untracked 
| 830|0x0000000771c00000, 0x0000000771e00000, 0x0000000771e00000|100%| O|  |TAMS 0x0000000771e00000| PB 0x0000000771e00000| Updating 
| 831|0x0000000771e00000, 0x0000000772000000, 0x0000000772000000|100%| O|  |TAMS 0x0000000772000000| PB 0x0000000772000000| Updating 
| 832|0x0000000772000000, 0x0000000772200000, 0x0000000772200000|100%| O|  |TAMS 0x0000000772200000| PB 0x0000000772200000| Updating 
| 833|0x0000000772200000, 0x0000000772400000, 0x0000000772400000|100%| O|  |TAMS 0x0000000772400000| PB 0x0000000772400000| Updating 
| 834|0x0000000772400000, 0x0000000772600000, 0x0000000772600000|100%| O|  |TAMS 0x0000000772600000| PB 0x0000000772600000| Untracked 
| 835|0x0000000772600000, 0x0000000772800000, 0x0000000772800000|100%| O|  |TAMS 0x0000000772800000| PB 0x0000000772800000| Untracked 
| 836|0x0000000772800000, 0x0000000772a00000, 0x0000000772a00000|100%| O|  |TAMS 0x0000000772a00000| PB 0x0000000772a00000| Untracked 
| 837|0x0000000772a00000, 0x0000000772c00000, 0x0000000772c00000|100%| O|  |TAMS 0x0000000772c00000| PB 0x0000000772c00000| Untracked 
| 838|0x0000000772c00000, 0x0000000772e00000, 0x0000000772e00000|100%| O|  |TAMS 0x0000000772e00000| PB 0x0000000772e00000| Untracked 
| 839|0x0000000772e00000, 0x0000000773000000, 0x0000000773000000|100%| O|  |TAMS 0x0000000773000000| PB 0x0000000773000000| Untracked 
| 840|0x0000000773000000, 0x0000000773200000, 0x0000000773200000|100%| O|  |TAMS 0x0000000773200000| PB 0x0000000773200000| Untracked 
| 841|0x0000000773200000, 0x0000000773400000, 0x0000000773400000|100%| O|  |TAMS 0x0000000773400000| PB 0x0000000773400000| Untracked 
| 842|0x0000000773400000, 0x0000000773600000, 0x0000000773600000|100%| O|  |TAMS 0x0000000773600000| PB 0x0000000773600000| Untracked 
| 843|0x0000000773600000, 0x0000000773800000, 0x0000000773800000|100%| O|  |TAMS 0x0000000773800000| PB 0x0000000773800000| Untracked 
| 844|0x0000000773800000, 0x0000000773a00000, 0x0000000773a00000|100%| O|  |TAMS 0x0000000773a00000| PB 0x0000000773a00000| Untracked 
| 845|0x0000000773a00000, 0x0000000773c00000, 0x0000000773c00000|100%| O|  |TAMS 0x0000000773c00000| PB 0x0000000773c00000| Untracked 
| 846|0x0000000773c00000, 0x0000000773e00000, 0x0000000773e00000|100%| O|  |TAMS 0x0000000773e00000| PB 0x0000000773e00000| Untracked 
| 847|0x0000000773e00000, 0x0000000774000000, 0x0000000774000000|100%| O|  |TAMS 0x0000000774000000| PB 0x0000000774000000| Untracked 
| 848|0x0000000774000000, 0x0000000774200000, 0x0000000774200000|100%| O|  |TAMS 0x0000000774200000| PB 0x0000000774200000| Untracked 
| 849|0x0000000774200000, 0x0000000774400000, 0x0000000774400000|100%| O|  |TAMS 0x0000000774400000| PB 0x0000000774400000| Untracked 
| 850|0x0000000774400000, 0x0000000774600000, 0x0000000774600000|100%| O|  |TAMS 0x0000000774600000| PB 0x0000000774600000| Untracked 
| 851|0x0000000774600000, 0x0000000774800000, 0x0000000774800000|100%| O|  |TAMS 0x0000000774800000| PB 0x0000000774800000| Untracked 
| 852|0x0000000774800000, 0x0000000774a00000, 0x0000000774a00000|100%| O|  |TAMS 0x0000000774a00000| PB 0x0000000774a00000| Untracked 
| 853|0x0000000774a00000, 0x0000000774c00000, 0x0000000774c00000|100%| O|  |TAMS 0x0000000774c00000| PB 0x0000000774c00000| Untracked 
| 854|0x0000000774c00000, 0x0000000774e00000, 0x0000000774e00000|100%| O|  |TAMS 0x0000000774e00000| PB 0x0000000774e00000| Updating 
| 855|0x0000000774e00000, 0x0000000775000000, 0x0000000775000000|100%| O|  |TAMS 0x0000000775000000| PB 0x0000000775000000| Updating 
| 856|0x0000000775000000, 0x0000000775200000, 0x0000000775200000|100%| O|  |TAMS 0x0000000775200000| PB 0x0000000775200000| Updating 
| 857|0x0000000775200000, 0x0000000775400000, 0x0000000775400000|100%| O|  |TAMS 0x0000000775400000| PB 0x0000000775400000| Updating 
| 858|0x0000000775400000, 0x0000000775600000, 0x0000000775600000|100%| O|  |TAMS 0x0000000775600000| PB 0x0000000775600000| Untracked 
| 859|0x0000000775600000, 0x0000000775800000, 0x0000000775800000|100%| O|  |TAMS 0x0000000775800000| PB 0x0000000775800000| Untracked 
| 860|0x0000000775800000, 0x0000000775a00000, 0x0000000775a00000|100%| O|  |TAMS 0x0000000775a00000| PB 0x0000000775a00000| Untracked 
| 861|0x0000000775a00000, 0x0000000775c00000, 0x0000000775c00000|100%| O|  |TAMS 0x0000000775c00000| PB 0x0000000775c00000| Untracked 
| 862|0x0000000775c00000, 0x0000000775e00000, 0x0000000775e00000|100%| O|  |TAMS 0x0000000775e00000| PB 0x0000000775e00000| Untracked 
| 863|0x0000000775e00000, 0x0000000776000000, 0x0000000776000000|100%| O|  |TAMS 0x0000000776000000| PB 0x0000000776000000| Untracked 
| 864|0x0000000776000000, 0x0000000776200000, 0x0000000776200000|100%| O|  |TAMS 0x0000000776200000| PB 0x0000000776200000| Untracked 
| 865|0x0000000776200000, 0x0000000776400000, 0x0000000776400000|100%| O|  |TAMS 0x0000000776400000| PB 0x0000000776400000| Untracked 
| 866|0x0000000776400000, 0x0000000776600000, 0x0000000776600000|100%| O|  |TAMS 0x0000000776600000| PB 0x0000000776600000| Untracked 
| 867|0x0000000776600000, 0x0000000776800000, 0x0000000776800000|100%| O|  |TAMS 0x0000000776800000| PB 0x0000000776800000| Untracked 
| 868|0x0000000776800000, 0x0000000776a00000, 0x0000000776a00000|100%| O|  |TAMS 0x0000000776a00000| PB 0x0000000776a00000| Untracked 
| 869|0x0000000776a00000, 0x0000000776c00000, 0x0000000776c00000|100%| O|  |TAMS 0x0000000776c00000| PB 0x0000000776c00000| Untracked 
| 870|0x0000000776c00000, 0x0000000776e00000, 0x0000000776e00000|100%| O|  |TAMS 0x0000000776e00000| PB 0x0000000776e00000| Untracked 
| 871|0x0000000776e00000, 0x0000000777000000, 0x0000000777000000|100%| O|  |TAMS 0x0000000777000000| PB 0x0000000777000000| Untracked 
| 872|0x0000000777000000, 0x0000000777200000, 0x0000000777200000|100%| O|  |TAMS 0x0000000777200000| PB 0x0000000777200000| Untracked 
| 873|0x0000000777200000, 0x0000000777400000, 0x0000000777400000|100%| O|  |TAMS 0x0000000777400000| PB 0x0000000777400000| Untracked 
| 874|0x0000000777400000, 0x0000000777600000, 0x0000000777600000|100%| O|  |TAMS 0x0000000777600000| PB 0x0000000777600000| Untracked 
| 875|0x0000000777600000, 0x0000000777800000, 0x0000000777800000|100%| O|  |TAMS 0x0000000777800000| PB 0x0000000777800000| Untracked 
| 876|0x0000000777800000, 0x0000000777a00000, 0x0000000777a00000|100%| O|  |TAMS 0x0000000777a00000| PB 0x0000000777a00000| Untracked 
| 877|0x0000000777a00000, 0x0000000777c00000, 0x0000000777c00000|100%| O|  |TAMS 0x0000000777c00000| PB 0x0000000777c00000| Untracked 
| 878|0x0000000777c00000, 0x0000000777e00000, 0x0000000777e00000|100%| O|  |TAMS 0x0000000777e00000| PB 0x0000000777e00000| Untracked 
| 879|0x0000000777e00000, 0x0000000778000000, 0x0000000778000000|100%| O|  |TAMS 0x0000000778000000| PB 0x0000000778000000| Untracked 
| 880|0x0000000778000000, 0x0000000778200000, 0x0000000778200000|100%| O|  |TAMS 0x0000000778200000| PB 0x0000000778200000| Untracked 
| 881|0x0000000778200000, 0x0000000778400000, 0x0000000778400000|100%| O|  |TAMS 0x0000000778400000| PB 0x0000000778400000| Untracked 
| 882|0x0000000778400000, 0x0000000778600000, 0x0000000778600000|100%| O|  |TAMS 0x0000000778600000| PB 0x0000000778600000| Updating 
| 883|0x0000000778600000, 0x0000000778800000, 0x0000000778800000|100%| O|  |TAMS 0x0000000778800000| PB 0x0000000778800000| Updating 
| 884|0x0000000778800000, 0x0000000778a00000, 0x0000000778a00000|100%| O|  |TAMS 0x0000000778a00000| PB 0x0000000778a00000| Updating 
| 885|0x0000000778a00000, 0x0000000778c00000, 0x0000000778c00000|100%| O|  |TAMS 0x0000000778c00000| PB 0x0000000778c00000| Updating 
| 886|0x0000000778c00000, 0x0000000778e00000, 0x0000000778e00000|100%| O|  |TAMS 0x0000000778e00000| PB 0x0000000778e00000| Untracked 
| 887|0x0000000778e00000, 0x0000000779000000, 0x0000000779000000|100%| O|  |TAMS 0x0000000779000000| PB 0x0000000779000000| Untracked 
| 888|0x0000000779000000, 0x0000000779200000, 0x0000000779200000|100%| O|  |TAMS 0x0000000779200000| PB 0x0000000779200000| Untracked 
| 889|0x0000000779200000, 0x0000000779400000, 0x0000000779400000|100%| O|  |TAMS 0x0000000779400000| PB 0x0000000779400000| Untracked 
| 890|0x0000000779400000, 0x0000000779600000, 0x0000000779600000|100%| O|  |TAMS 0x0000000779600000| PB 0x0000000779600000| Untracked 
| 891|0x0000000779600000, 0x0000000779800000, 0x0000000779800000|100%| O|  |TAMS 0x0000000779800000| PB 0x0000000779800000| Untracked 
| 892|0x0000000779800000, 0x0000000779a00000, 0x0000000779a00000|100%| O|  |TAMS 0x0000000779a00000| PB 0x0000000779a00000| Untracked 
| 893|0x0000000779a00000, 0x0000000779c00000, 0x0000000779c00000|100%| O|  |TAMS 0x0000000779c00000| PB 0x0000000779c00000| Untracked 
| 894|0x0000000779c00000, 0x0000000779e00000, 0x0000000779e00000|100%| O|  |TAMS 0x0000000779e00000| PB 0x0000000779e00000| Untracked 
| 895|0x0000000779e00000, 0x000000077a000000, 0x000000077a000000|100%| O|  |TAMS 0x000000077a000000| PB 0x000000077a000000| Untracked 
| 896|0x000000077a000000, 0x000000077a200000, 0x000000077a200000|100%| O|  |TAMS 0x000000077a200000| PB 0x000000077a200000| Untracked 
| 897|0x000000077a200000, 0x000000077a400000, 0x000000077a400000|100%| O|  |TAMS 0x000000077a400000| PB 0x000000077a400000| Untracked 
| 898|0x000000077a400000, 0x000000077a600000, 0x000000077a600000|100%| O|  |TAMS 0x000000077a600000| PB 0x000000077a600000| Untracked 
| 899|0x000000077a600000, 0x000000077a800000, 0x000000077a800000|100%| O|  |TAMS 0x000000077a800000| PB 0x000000077a800000| Untracked 
| 900|0x000000077a800000, 0x000000077aa00000, 0x000000077aa00000|100%| O|  |TAMS 0x000000077aa00000| PB 0x000000077aa00000| Untracked 
| 901|0x000000077aa00000, 0x000000077ac00000, 0x000000077ac00000|100%| O|  |TAMS 0x000000077ac00000| PB 0x000000077ac00000| Untracked 
| 902|0x000000077ac00000, 0x000000077ae00000, 0x000000077ae00000|100%| O|  |TAMS 0x000000077ae00000| PB 0x000000077ae00000| Untracked 
| 903|0x000000077ae00000, 0x000000077b000000, 0x000000077b000000|100%| O|  |TAMS 0x000000077b000000| PB 0x000000077b000000| Untracked 
| 904|0x000000077b000000, 0x000000077b200000, 0x000000077b200000|100%| O|  |TAMS 0x000000077b200000| PB 0x000000077b200000| Untracked 
| 905|0x000000077b200000, 0x000000077b400000, 0x000000077b400000|100%| O|  |TAMS 0x000000077b400000| PB 0x000000077b400000| Updating 
| 906|0x000000077b400000, 0x000000077b600000, 0x000000077b600000|100%| O|  |TAMS 0x000000077b600000| PB 0x000000077b600000| Updating 
| 907|0x000000077b600000, 0x000000077b800000, 0x000000077b800000|100%| O|  |TAMS 0x000000077b800000| PB 0x000000077b800000| Updating 
| 908|0x000000077b800000, 0x000000077ba00000, 0x000000077ba00000|100%| O|  |TAMS 0x000000077ba00000| PB 0x000000077ba00000| Updating 
| 909|0x000000077ba00000, 0x000000077bc00000, 0x000000077bc00000|100%| O|  |TAMS 0x000000077bb00000| PB 0x000000077bb00000| Updating 
| 910|0x000000077bc00000, 0x000000077be00000, 0x000000077be00000|100%| O|  |TAMS 0x000000077bc00000| PB 0x000000077bc00000| Untracked 
| 911|0x000000077be00000, 0x000000077c000000, 0x000000077c000000|100%| O|  |TAMS 0x000000077be00000| PB 0x000000077be00000| Untracked 
| 912|0x000000077c000000, 0x000000077c200000, 0x000000077c200000|100%| O|  |TAMS 0x000000077c000000| PB 0x000000077c000000| Untracked 
| 913|0x000000077c200000, 0x000000077c400000, 0x000000077c400000|100%| O|  |TAMS 0x000000077c200000| PB 0x000000077c200000| Untracked 
| 914|0x000000077c400000, 0x000000077c600000, 0x000000077c600000|100%| O|  |TAMS 0x000000077c400000| PB 0x000000077c400000| Untracked 
| 915|0x000000077c600000, 0x000000077c800000, 0x000000077c800000|100%| O|  |TAMS 0x000000077c600000| PB 0x000000077c600000| Untracked 
| 916|0x000000077c800000, 0x000000077ca00000, 0x000000077ca00000|100%| O|  |TAMS 0x000000077c800000| PB 0x000000077c800000| Untracked 
| 917|0x000000077ca00000, 0x000000077cc00000, 0x000000077cc00000|100%| O|  |TAMS 0x000000077ca00000| PB 0x000000077ca00000| Untracked 
| 918|0x000000077cc00000, 0x000000077ce00000, 0x000000077ce00000|100%| O|  |TAMS 0x000000077cc00000| PB 0x000000077cc00000| Untracked 
| 919|0x000000077ce00000, 0x000000077d000000, 0x000000077d000000|100%| O|  |TAMS 0x000000077ce00000| PB 0x000000077ce00000| Untracked 
| 920|0x000000077d000000, 0x000000077d200000, 0x000000077d200000|100%| O|  |TAMS 0x000000077d000000| PB 0x000000077d000000| Untracked 
| 921|0x000000077d200000, 0x000000077d400000, 0x000000077d400000|100%| O|  |TAMS 0x000000077d200000| PB 0x000000077d200000| Untracked 
| 922|0x000000077d400000, 0x000000077d600000, 0x000000077d600000|100%| O|  |TAMS 0x000000077d400000| PB 0x000000077d400000| Untracked 
| 923|0x000000077d600000, 0x000000077d800000, 0x000000077d800000|100%| O|  |TAMS 0x000000077d600000| PB 0x000000077d600000| Untracked 
| 924|0x000000077d800000, 0x000000077da00000, 0x000000077da00000|100%| O|  |TAMS 0x000000077d800000| PB 0x000000077d800000| Untracked 
| 925|0x000000077da00000, 0x000000077dc00000, 0x000000077dc00000|100%| O|  |TAMS 0x000000077da00000| PB 0x000000077da00000| Untracked 
| 926|0x000000077dc00000, 0x000000077de00000, 0x000000077de00000|100%| O|  |TAMS 0x000000077dc00000| PB 0x000000077dc00000| Untracked 
| 927|0x000000077de00000, 0x000000077e000000, 0x000000077e000000|100%| O|  |TAMS 0x000000077de00000| PB 0x000000077de00000| Untracked 
| 928|0x000000077e000000, 0x000000077e200000, 0x000000077e200000|100%| O|  |TAMS 0x000000077e000000| PB 0x000000077e000000| Untracked 
| 929|0x000000077e200000, 0x000000077e400000, 0x000000077e400000|100%| O|  |TAMS 0x000000077e200000| PB 0x000000077e200000| Untracked 
| 930|0x000000077e400000, 0x000000077e600000, 0x000000077e600000|100%| O|  |TAMS 0x000000077e400000| PB 0x000000077e400000| Untracked 
| 931|0x000000077e600000, 0x000000077e800000, 0x000000077e800000|100%| O|  |TAMS 0x000000077e600000| PB 0x000000077e600000| Untracked 
| 932|0x000000077e800000, 0x000000077ea00000, 0x000000077ea00000|100%| O|  |TAMS 0x000000077e800000| PB 0x000000077e800000| Untracked 
| 933|0x000000077ea00000, 0x000000077ec00000, 0x000000077ec00000|100%| O|  |TAMS 0x000000077ea00000| PB 0x000000077ea00000| Untracked 
| 934|0x000000077ec00000, 0x000000077ee00000, 0x000000077ee00000|100%| O|  |TAMS 0x000000077ec00000| PB 0x000000077ec00000| Untracked 
| 935|0x000000077ee00000, 0x000000077f000000, 0x000000077f000000|100%| O|  |TAMS 0x000000077ee00000| PB 0x000000077ee00000| Untracked 
| 936|0x000000077f000000, 0x000000077f200000, 0x000000077f200000|100%| O|  |TAMS 0x000000077f000000| PB 0x000000077f000000| Untracked 
| 937|0x000000077f200000, 0x000000077f400000, 0x000000077f400000|100%| O|  |TAMS 0x000000077f200000| PB 0x000000077f200000| Untracked 
| 938|0x000000077f400000, 0x000000077f600000, 0x000000077f600000|100%| O|  |TAMS 0x000000077f400000| PB 0x000000077f400000| Untracked 
| 939|0x000000077f600000, 0x000000077f800000, 0x000000077f800000|100%| O|  |TAMS 0x000000077f600000| PB 0x000000077f600000| Untracked 
| 940|0x000000077f800000, 0x000000077fa00000, 0x000000077fa00000|100%| O|  |TAMS 0x000000077f800000| PB 0x000000077f800000| Untracked 
| 941|0x000000077fa00000, 0x000000077fbe1078, 0x000000077fc00000| 93%| O|  |TAMS 0x000000077fa00000| PB 0x000000077fa00000| Untracked 
| 942|0x000000077fc00000, 0x000000077fc00000, 0x000000077fe00000|  0%| F|  |TAMS 0x000000077fc00000| PB 0x000000077fc00000| Untracked 
| 943|0x000000077fe00000, 0x000000077fe00000, 0x0000000780000000|  0%| F|  |TAMS 0x000000077fe00000| PB 0x000000077fe00000| Untracked 
| 944|0x0000000780000000, 0x0000000780000000, 0x0000000780200000|  0%| F|  |TAMS 0x0000000780000000| PB 0x0000000780000000| Untracked 
| 945|0x0000000780200000, 0x0000000780200000, 0x0000000780400000|  0%| F|  |TAMS 0x0000000780200000| PB 0x0000000780200000| Untracked 
| 946|0x0000000780400000, 0x0000000780400000, 0x0000000780600000|  0%| F|  |TAMS 0x0000000780400000| PB 0x0000000780400000| Untracked 
| 947|0x0000000780600000, 0x0000000780600000, 0x0000000780800000|  0%| F|  |TAMS 0x0000000780600000| PB 0x0000000780600000| Untracked 
| 948|0x0000000780800000, 0x0000000780800000, 0x0000000780a00000|  0%| F|  |TAMS 0x0000000780800000| PB 0x0000000780800000| Untracked 
| 949|0x0000000780a00000, 0x0000000780a00000, 0x0000000780c00000|  0%| F|  |TAMS 0x0000000780a00000| PB 0x0000000780a00000| Untracked 
| 950|0x0000000780c00000, 0x0000000780c00000, 0x0000000780e00000|  0%| F|  |TAMS 0x0000000780c00000| PB 0x0000000780c00000| Untracked 
| 951|0x0000000780e00000, 0x0000000780e00000, 0x0000000781000000|  0%| F|  |TAMS 0x0000000780e00000| PB 0x0000000780e00000| Untracked 
| 952|0x0000000781000000, 0x0000000781000000, 0x0000000781200000|  0%| F|  |TAMS 0x0000000781000000| PB 0x0000000781000000| Untracked 
| 953|0x0000000781200000, 0x0000000781200000, 0x0000000781400000|  0%| F|  |TAMS 0x0000000781200000| PB 0x0000000781200000| Untracked 
| 954|0x0000000781400000, 0x0000000781400000, 0x0000000781600000|  0%| F|  |TAMS 0x0000000781400000| PB 0x0000000781400000| Untracked 
| 955|0x0000000781600000, 0x0000000781600000, 0x0000000781800000|  0%| F|  |TAMS 0x0000000781600000| PB 0x0000000781600000| Untracked 
| 956|0x0000000781800000, 0x0000000781800000, 0x0000000781a00000|  0%| F|  |TAMS 0x0000000781800000| PB 0x0000000781800000| Untracked 
| 957|0x0000000781a00000, 0x0000000781a00000, 0x0000000781c00000|  0%| F|  |TAMS 0x0000000781a00000| PB 0x0000000781a00000| Untracked 
| 958|0x0000000781c00000, 0x0000000781c00000, 0x0000000781e00000|  0%| F|  |TAMS 0x0000000781c00000| PB 0x0000000781c00000| Untracked 
| 959|0x0000000781e00000, 0x0000000781e00000, 0x0000000782000000|  0%| F|  |TAMS 0x0000000781e00000| PB 0x0000000781e00000| Untracked 
| 960|0x0000000782000000, 0x0000000782000000, 0x0000000782200000|  0%| F|  |TAMS 0x0000000782000000| PB 0x0000000782000000| Untracked 
| 961|0x0000000782200000, 0x0000000782200000, 0x0000000782400000|  0%| F|  |TAMS 0x0000000782200000| PB 0x0000000782200000| Untracked 
| 962|0x0000000782400000, 0x0000000782400000, 0x0000000782600000|  0%| F|  |TAMS 0x0000000782400000| PB 0x0000000782400000| Untracked 
| 963|0x0000000782600000, 0x0000000782600000, 0x0000000782800000|  0%| F|  |TAMS 0x0000000782600000| PB 0x0000000782600000| Untracked 
| 964|0x0000000782800000, 0x0000000782800000, 0x0000000782a00000|  0%| F|  |TAMS 0x0000000782800000| PB 0x0000000782800000| Untracked 
| 965|0x0000000782a00000, 0x0000000782a00000, 0x0000000782c00000|  0%| F|  |TAMS 0x0000000782a00000| PB 0x0000000782a00000| Untracked 
| 966|0x0000000782c00000, 0x0000000782c00000, 0x0000000782e00000|  0%| F|  |TAMS 0x0000000782c00000| PB 0x0000000782c00000| Untracked 
| 967|0x0000000782e00000, 0x0000000782e00000, 0x0000000783000000|  0%| F|  |TAMS 0x0000000782e00000| PB 0x0000000782e00000| Untracked 
| 968|0x0000000783000000, 0x0000000783000000, 0x0000000783200000|  0%| F|  |TAMS 0x0000000783000000| PB 0x0000000783000000| Untracked 
| 969|0x0000000783200000, 0x0000000783200000, 0x0000000783400000|  0%| F|  |TAMS 0x0000000783200000| PB 0x0000000783200000| Untracked 
| 970|0x0000000783400000, 0x0000000783400000, 0x0000000783600000|  0%| F|  |TAMS 0x0000000783400000| PB 0x0000000783400000| Untracked 
| 971|0x0000000783600000, 0x0000000783600000, 0x0000000783800000|  0%| F|  |TAMS 0x0000000783600000| PB 0x0000000783600000| Untracked 
| 972|0x0000000783800000, 0x0000000783800000, 0x0000000783a00000|  0%| F|  |TAMS 0x0000000783800000| PB 0x0000000783800000| Untracked 
| 973|0x0000000783a00000, 0x0000000783a00000, 0x0000000783c00000|  0%| F|  |TAMS 0x0000000783a00000| PB 0x0000000783a00000| Untracked 
| 974|0x0000000783c00000, 0x0000000783c00000, 0x0000000783e00000|  0%| F|  |TAMS 0x0000000783c00000| PB 0x0000000783c00000| Untracked 
| 975|0x0000000783e00000, 0x0000000783e00000, 0x0000000784000000|  0%| F|  |TAMS 0x0000000783e00000| PB 0x0000000783e00000| Untracked 
| 976|0x0000000784000000, 0x0000000784000000, 0x0000000784200000|  0%| F|  |TAMS 0x0000000784000000| PB 0x0000000784000000| Untracked 
| 977|0x0000000784200000, 0x0000000784200000, 0x0000000784400000|  0%| F|  |TAMS 0x0000000784200000| PB 0x0000000784200000| Untracked 
| 978|0x0000000784400000, 0x0000000784400000, 0x0000000784600000|  0%| F|  |TAMS 0x0000000784400000| PB 0x0000000784400000| Untracked 
| 979|0x0000000784600000, 0x0000000784600000, 0x0000000784800000|  0%| F|  |TAMS 0x0000000784600000| PB 0x0000000784600000| Untracked 
| 980|0x0000000784800000, 0x0000000784800000, 0x0000000784a00000|  0%| F|  |TAMS 0x0000000784800000| PB 0x0000000784800000| Untracked 
| 981|0x0000000784a00000, 0x0000000784a00000, 0x0000000784c00000|  0%| F|  |TAMS 0x0000000784a00000| PB 0x0000000784a00000| Untracked 
| 982|0x0000000784c00000, 0x0000000784c00000, 0x0000000784e00000|  0%| F|  |TAMS 0x0000000784c00000| PB 0x0000000784c00000| Untracked 
| 983|0x0000000784e00000, 0x0000000784e00000, 0x0000000785000000|  0%| F|  |TAMS 0x0000000784e00000| PB 0x0000000784e00000| Untracked 
| 984|0x0000000785000000, 0x0000000785000000, 0x0000000785200000|  0%| F|  |TAMS 0x0000000785000000| PB 0x0000000785000000| Untracked 
| 985|0x0000000785200000, 0x0000000785200000, 0x0000000785400000|  0%| F|  |TAMS 0x0000000785200000| PB 0x0000000785200000| Untracked 
| 986|0x0000000785400000, 0x0000000785400000, 0x0000000785600000|  0%| F|  |TAMS 0x0000000785400000| PB 0x0000000785400000| Untracked 
| 987|0x0000000785600000, 0x0000000785600000, 0x0000000785800000|  0%| F|  |TAMS 0x0000000785600000| PB 0x0000000785600000| Untracked 
| 988|0x0000000785800000, 0x0000000785800000, 0x0000000785a00000|  0%| F|  |TAMS 0x0000000785800000| PB 0x0000000785800000| Untracked 
| 989|0x0000000785a00000, 0x0000000785a00000, 0x0000000785c00000|  0%| F|  |TAMS 0x0000000785a00000| PB 0x0000000785a00000| Untracked 
| 990|0x0000000785c00000, 0x0000000785c00000, 0x0000000785e00000|  0%| F|  |TAMS 0x0000000785c00000| PB 0x0000000785c00000| Untracked 
| 991|0x0000000785e00000, 0x0000000785e00000, 0x0000000786000000|  0%| F|  |TAMS 0x0000000785e00000| PB 0x0000000785e00000| Untracked 
| 992|0x0000000786000000, 0x0000000786000000, 0x0000000786200000|  0%| F|  |TAMS 0x0000000786000000| PB 0x0000000786000000| Untracked 
| 993|0x0000000786200000, 0x0000000786200000, 0x0000000786400000|  0%| F|  |TAMS 0x0000000786200000| PB 0x0000000786200000| Untracked 
| 994|0x0000000786400000, 0x0000000786400000, 0x0000000786600000|  0%| F|  |TAMS 0x0000000786400000| PB 0x0000000786400000| Untracked 
| 995|0x0000000786600000, 0x0000000786600000, 0x0000000786800000|  0%| F|  |TAMS 0x0000000786600000| PB 0x0000000786600000| Untracked 
| 996|0x0000000786800000, 0x0000000786800000, 0x0000000786a00000|  0%| F|  |TAMS 0x0000000786800000| PB 0x0000000786800000| Untracked 
| 997|0x0000000786a00000, 0x0000000786a00000, 0x0000000786c00000|  0%| F|  |TAMS 0x0000000786a00000| PB 0x0000000786a00000| Untracked 
| 998|0x0000000786c00000, 0x0000000786c00000, 0x0000000786e00000|  0%| F|  |TAMS 0x0000000786c00000| PB 0x0000000786c00000| Untracked 
| 999|0x0000000786e00000, 0x0000000786e00000, 0x0000000787000000|  0%| F|  |TAMS 0x0000000786e00000| PB 0x0000000786e00000| Untracked 
|1000|0x0000000787000000, 0x0000000787000000, 0x0000000787200000|  0%| F|  |TAMS 0x0000000787000000| PB 0x0000000787000000| Untracked 
|1001|0x0000000787200000, 0x0000000787200000, 0x0000000787400000|  0%| F|  |TAMS 0x0000000787200000| PB 0x0000000787200000| Untracked 
|1002|0x0000000787400000, 0x0000000787400000, 0x0000000787600000|  0%| F|  |TAMS 0x0000000787400000| PB 0x0000000787400000| Untracked 
|1003|0x0000000787600000, 0x0000000787600000, 0x0000000787800000|  0%| F|  |TAMS 0x0000000787600000| PB 0x0000000787600000| Untracked 
|1004|0x0000000787800000, 0x0000000787800000, 0x0000000787a00000|  0%| F|  |TAMS 0x0000000787800000| PB 0x0000000787800000| Untracked 
|1005|0x0000000787a00000, 0x0000000787a00000, 0x0000000787c00000|  0%| F|  |TAMS 0x0000000787a00000| PB 0x0000000787a00000| Untracked 
|1006|0x0000000787c00000, 0x0000000787c00000, 0x0000000787e00000|  0%| F|  |TAMS 0x0000000787c00000| PB 0x0000000787c00000| Untracked 
|1007|0x0000000787e00000, 0x0000000787e00000, 0x0000000788000000|  0%| F|  |TAMS 0x0000000787e00000| PB 0x0000000787e00000| Untracked 
|1008|0x0000000788000000, 0x0000000788000000, 0x0000000788200000|  0%| F|  |TAMS 0x0000000788000000| PB 0x0000000788000000| Untracked 
|1009|0x0000000788200000, 0x0000000788200000, 0x0000000788400000|  0%| F|  |TAMS 0x0000000788200000| PB 0x0000000788200000| Untracked 
|1010|0x0000000788400000, 0x0000000788400000, 0x0000000788600000|  0%| F|  |TAMS 0x0000000788400000| PB 0x0000000788400000| Untracked 
|1011|0x0000000788600000, 0x0000000788600000, 0x0000000788800000|  0%| F|  |TAMS 0x0000000788600000| PB 0x0000000788600000| Untracked 
|1012|0x0000000788800000, 0x0000000788800000, 0x0000000788a00000|  0%| F|  |TAMS 0x0000000788800000| PB 0x0000000788800000| Untracked 
|1013|0x0000000788a00000, 0x0000000788a00000, 0x0000000788c00000|  0%| F|  |TAMS 0x0000000788a00000| PB 0x0000000788a00000| Untracked 
|1014|0x0000000788c00000, 0x0000000788c00000, 0x0000000788e00000|  0%| F|  |TAMS 0x0000000788c00000| PB 0x0000000788c00000| Untracked 
|1015|0x0000000788e00000, 0x0000000788e00000, 0x0000000789000000|  0%| F|  |TAMS 0x0000000788e00000| PB 0x0000000788e00000| Untracked 
|1016|0x0000000789000000, 0x0000000789000000, 0x0000000789200000|  0%| F|  |TAMS 0x0000000789000000| PB 0x0000000789000000| Untracked 
|1017|0x0000000789200000, 0x0000000789200000, 0x0000000789400000|  0%| F|  |TAMS 0x0000000789200000| PB 0x0000000789200000| Untracked 
|1018|0x0000000789400000, 0x0000000789400000, 0x0000000789600000|  0%| F|  |TAMS 0x0000000789400000| PB 0x0000000789400000| Untracked 
|1019|0x0000000789600000, 0x0000000789600000, 0x0000000789800000|  0%| F|  |TAMS 0x0000000789600000| PB 0x0000000789600000| Untracked 
|1020|0x0000000789800000, 0x0000000789800000, 0x0000000789a00000|  0%| F|  |TAMS 0x0000000789800000| PB 0x0000000789800000| Untracked 
|1021|0x0000000789a00000, 0x0000000789a00000, 0x0000000789c00000|  0%| F|  |TAMS 0x0000000789a00000| PB 0x0000000789a00000| Untracked 
|1022|0x0000000789c00000, 0x0000000789c00000, 0x0000000789e00000|  0%| F|  |TAMS 0x0000000789c00000| PB 0x0000000789c00000| Untracked 
|1023|0x0000000789e00000, 0x0000000789e00000, 0x000000078a000000|  0%| F|  |TAMS 0x0000000789e00000| PB 0x0000000789e00000| Untracked 
|1024|0x000000078a000000, 0x000000078a000000, 0x000000078a200000|  0%| F|  |TAMS 0x000000078a000000| PB 0x000000078a000000| Untracked 
|1025|0x000000078a200000, 0x000000078a200000, 0x000000078a400000|  0%| F|  |TAMS 0x000000078a200000| PB 0x000000078a200000| Untracked 
|1026|0x000000078a400000, 0x000000078a400000, 0x000000078a600000|  0%| F|  |TAMS 0x000000078a400000| PB 0x000000078a400000| Untracked 
|1027|0x000000078a600000, 0x000000078a600000, 0x000000078a800000|  0%| F|  |TAMS 0x000000078a600000| PB 0x000000078a600000| Untracked 
|1028|0x000000078a800000, 0x000000078a800000, 0x000000078aa00000|  0%| F|  |TAMS 0x000000078a800000| PB 0x000000078a800000| Untracked 
|1029|0x000000078aa00000, 0x000000078aa00000, 0x000000078ac00000|  0%| F|  |TAMS 0x000000078aa00000| PB 0x000000078aa00000| Untracked 
|1030|0x000000078ac00000, 0x000000078ac00000, 0x000000078ae00000|  0%| F|  |TAMS 0x000000078ac00000| PB 0x000000078ac00000| Untracked 
|1031|0x000000078ae00000, 0x000000078ae00000, 0x000000078b000000|  0%| F|  |TAMS 0x000000078ae00000| PB 0x000000078ae00000| Untracked 
|1032|0x000000078b000000, 0x000000078b000000, 0x000000078b200000|  0%| F|  |TAMS 0x000000078b000000| PB 0x000000078b000000| Untracked 
|1033|0x000000078b200000, 0x000000078b200000, 0x000000078b400000|  0%| F|  |TAMS 0x000000078b200000| PB 0x000000078b200000| Untracked 
|1034|0x000000078b400000, 0x000000078b400000, 0x000000078b600000|  0%| F|  |TAMS 0x000000078b400000| PB 0x000000078b400000| Untracked 
|1035|0x000000078b600000, 0x000000078b600000, 0x000000078b800000|  0%| F|  |TAMS 0x000000078b600000| PB 0x000000078b600000| Untracked 
|1036|0x000000078b800000, 0x000000078b800000, 0x000000078ba00000|  0%| F|  |TAMS 0x000000078b800000| PB 0x000000078b800000| Untracked 
|1037|0x000000078ba00000, 0x000000078ba00000, 0x000000078bc00000|  0%| F|  |TAMS 0x000000078ba00000| PB 0x000000078ba00000| Untracked 
|1038|0x000000078bc00000, 0x000000078bc00000, 0x000000078be00000|  0%| F|  |TAMS 0x000000078bc00000| PB 0x000000078bc00000| Untracked 
|1039|0x000000078be00000, 0x000000078be00000, 0x000000078c000000|  0%| F|  |TAMS 0x000000078be00000| PB 0x000000078be00000| Untracked 
|1040|0x000000078c000000, 0x000000078c000000, 0x000000078c200000|  0%| F|  |TAMS 0x000000078c000000| PB 0x000000078c000000| Untracked 
|1041|0x000000078c200000, 0x000000078c200000, 0x000000078c400000|  0%| F|  |TAMS 0x000000078c200000| PB 0x000000078c200000| Untracked 
|1042|0x000000078c400000, 0x000000078c400000, 0x000000078c600000|  0%| F|  |TAMS 0x000000078c400000| PB 0x000000078c400000| Untracked 
|1043|0x000000078c600000, 0x000000078c600000, 0x000000078c800000|  0%| F|  |TAMS 0x000000078c600000| PB 0x000000078c600000| Untracked 
|1044|0x000000078c800000, 0x000000078c800000, 0x000000078ca00000|  0%| F|  |TAMS 0x000000078c800000| PB 0x000000078c800000| Untracked 
|1045|0x000000078ca00000, 0x000000078ca00000, 0x000000078cc00000|  0%| F|  |TAMS 0x000000078ca00000| PB 0x000000078ca00000| Untracked 
|1046|0x000000078cc00000, 0x000000078cc00000, 0x000000078ce00000|  0%| F|  |TAMS 0x000000078cc00000| PB 0x000000078cc00000| Untracked 
|1047|0x000000078ce00000, 0x000000078ce00000, 0x000000078d000000|  0%| F|  |TAMS 0x000000078ce00000| PB 0x000000078ce00000| Untracked 
|1048|0x000000078d000000, 0x000000078d000000, 0x000000078d200000|  0%| F|  |TAMS 0x000000078d000000| PB 0x000000078d000000| Untracked 
|1049|0x000000078d200000, 0x000000078d200000, 0x000000078d400000|  0%| F|  |TAMS 0x000000078d200000| PB 0x000000078d200000| Untracked 
|1050|0x000000078d400000, 0x000000078d400000, 0x000000078d600000|  0%| F|  |TAMS 0x000000078d400000| PB 0x000000078d400000| Untracked 
|1051|0x000000078d600000, 0x000000078d600000, 0x000000078d800000|  0%| F|  |TAMS 0x000000078d600000| PB 0x000000078d600000| Untracked 
|1052|0x000000078d800000, 0x000000078d800000, 0x000000078da00000|  0%| F|  |TAMS 0x000000078d800000| PB 0x000000078d800000| Untracked 
|1053|0x000000078da00000, 0x000000078da00000, 0x000000078dc00000|  0%| F|  |TAMS 0x000000078da00000| PB 0x000000078da00000| Untracked 
|1054|0x000000078dc00000, 0x000000078dc00000, 0x000000078de00000|  0%| F|  |TAMS 0x000000078dc00000| PB 0x000000078dc00000| Untracked 
|1055|0x000000078de00000, 0x000000078de00000, 0x000000078e000000|  0%| F|  |TAMS 0x000000078de00000| PB 0x000000078de00000| Untracked 
|1056|0x000000078e000000, 0x000000078e000000, 0x000000078e200000|  0%| F|  |TAMS 0x000000078e000000| PB 0x000000078e000000| Untracked 
|1057|0x000000078e200000, 0x000000078e200000, 0x000000078e400000|  0%| F|  |TAMS 0x000000078e200000| PB 0x000000078e200000| Untracked 
|1058|0x000000078e400000, 0x000000078e400000, 0x000000078e600000|  0%| F|  |TAMS 0x000000078e400000| PB 0x000000078e400000| Untracked 
|1059|0x000000078e600000, 0x000000078e600000, 0x000000078e800000|  0%| F|  |TAMS 0x000000078e600000| PB 0x000000078e600000| Untracked 
|1060|0x000000078e800000, 0x000000078e800000, 0x000000078ea00000|  0%| F|  |TAMS 0x000000078e800000| PB 0x000000078e800000| Untracked 
|1061|0x000000078ea00000, 0x000000078ea00000, 0x000000078ec00000|  0%| F|  |TAMS 0x000000078ea00000| PB 0x000000078ea00000| Untracked 
|1062|0x000000078ec00000, 0x000000078ec00000, 0x000000078ee00000|  0%| F|  |TAMS 0x000000078ec00000| PB 0x000000078ec00000| Untracked 
|1063|0x000000078ee00000, 0x000000078ee00000, 0x000000078f000000|  0%| F|  |TAMS 0x000000078ee00000| PB 0x000000078ee00000| Untracked 
|1064|0x000000078f000000, 0x000000078f000000, 0x000000078f200000|  0%| F|  |TAMS 0x000000078f000000| PB 0x000000078f000000| Untracked 
|1065|0x000000078f200000, 0x000000078f200000, 0x000000078f400000|  0%| F|  |TAMS 0x000000078f200000| PB 0x000000078f200000| Untracked 
|1066|0x000000078f400000, 0x000000078f400000, 0x000000078f600000|  0%| F|  |TAMS 0x000000078f400000| PB 0x000000078f400000| Untracked 
|1067|0x000000078f600000, 0x000000078f600000, 0x000000078f800000|  0%| F|  |TAMS 0x000000078f600000| PB 0x000000078f600000| Untracked 
|1068|0x000000078f800000, 0x000000078f800000, 0x000000078fa00000|  0%| F|  |TAMS 0x000000078f800000| PB 0x000000078f800000| Untracked 
|1069|0x000000078fa00000, 0x000000078fa00000, 0x000000078fc00000|  0%| F|  |TAMS 0x000000078fa00000| PB 0x000000078fa00000| Untracked 
|1070|0x000000078fc00000, 0x000000078fc00000, 0x000000078fe00000|  0%| F|  |TAMS 0x000000078fc00000| PB 0x000000078fc00000| Untracked 
|1071|0x000000078fe00000, 0x000000078fe00000, 0x0000000790000000|  0%| F|  |TAMS 0x000000078fe00000| PB 0x000000078fe00000| Untracked 
|1072|0x0000000790000000, 0x0000000790000000, 0x0000000790200000|  0%| F|  |TAMS 0x0000000790000000| PB 0x0000000790000000| Untracked 
|1073|0x0000000790200000, 0x0000000790200000, 0x0000000790400000|  0%| F|  |TAMS 0x0000000790200000| PB 0x0000000790200000| Untracked 
|1074|0x0000000790400000, 0x0000000790400000, 0x0000000790600000|  0%| F|  |TAMS 0x0000000790400000| PB 0x0000000790400000| Untracked 
|1075|0x0000000790600000, 0x0000000790600000, 0x0000000790800000|  0%| F|  |TAMS 0x0000000790600000| PB 0x0000000790600000| Untracked 
|1076|0x0000000790800000, 0x0000000790800000, 0x0000000790a00000|  0%| F|  |TAMS 0x0000000790800000| PB 0x0000000790800000| Untracked 
|1077|0x0000000790a00000, 0x0000000790a00000, 0x0000000790c00000|  0%| F|  |TAMS 0x0000000790a00000| PB 0x0000000790a00000| Untracked 
|1078|0x0000000790c00000, 0x0000000790c00000, 0x0000000790e00000|  0%| F|  |TAMS 0x0000000790c00000| PB 0x0000000790c00000| Untracked 
|1079|0x0000000790e00000, 0x0000000790e00000, 0x0000000791000000|  0%| F|  |TAMS 0x0000000790e00000| PB 0x0000000790e00000| Untracked 
|1080|0x0000000791000000, 0x0000000791000000, 0x0000000791200000|  0%| F|  |TAMS 0x0000000791000000| PB 0x0000000791000000| Untracked 
|1081|0x0000000791200000, 0x0000000791200000, 0x0000000791400000|  0%| F|  |TAMS 0x0000000791200000| PB 0x0000000791200000| Untracked 
|1082|0x0000000791400000, 0x0000000791400000, 0x0000000791600000|  0%| F|  |TAMS 0x0000000791400000| PB 0x0000000791400000| Untracked 
|1083|0x0000000791600000, 0x0000000791600000, 0x0000000791800000|  0%| F|  |TAMS 0x0000000791600000| PB 0x0000000791600000| Untracked 
|1084|0x0000000791800000, 0x0000000791800000, 0x0000000791a00000|  0%| F|  |TAMS 0x0000000791800000| PB 0x0000000791800000| Untracked 
|1085|0x0000000791a00000, 0x0000000791a00000, 0x0000000791c00000|  0%| F|  |TAMS 0x0000000791a00000| PB 0x0000000791a00000| Untracked 
|1086|0x0000000791c00000, 0x0000000791c00000, 0x0000000791e00000|  0%| F|  |TAMS 0x0000000791c00000| PB 0x0000000791c00000| Untracked 
|1087|0x0000000791e00000, 0x0000000791e00000, 0x0000000792000000|  0%| F|  |TAMS 0x0000000791e00000| PB 0x0000000791e00000| Untracked 
|1088|0x0000000792000000, 0x0000000792000000, 0x0000000792200000|  0%| F|  |TAMS 0x0000000792000000| PB 0x0000000792000000| Untracked 
|1089|0x0000000792200000, 0x0000000792200000, 0x0000000792400000|  0%| F|  |TAMS 0x0000000792200000| PB 0x0000000792200000| Untracked 
|1090|0x0000000792400000, 0x0000000792400000, 0x0000000792600000|  0%| F|  |TAMS 0x0000000792400000| PB 0x0000000792400000| Untracked 
|1091|0x0000000792600000, 0x0000000792600000, 0x0000000792800000|  0%| F|  |TAMS 0x0000000792600000| PB 0x0000000792600000| Untracked 
|1092|0x0000000792800000, 0x0000000792800000, 0x0000000792a00000|  0%| F|  |TAMS 0x0000000792800000| PB 0x0000000792800000| Untracked 
|1093|0x0000000792a00000, 0x0000000792a00000, 0x0000000792c00000|  0%| F|  |TAMS 0x0000000792a00000| PB 0x0000000792a00000| Untracked 
|1094|0x0000000792c00000, 0x0000000792c00000, 0x0000000792e00000|  0%| F|  |TAMS 0x0000000792c00000| PB 0x0000000792c00000| Untracked 
|1095|0x0000000792e00000, 0x0000000792e00000, 0x0000000793000000|  0%| F|  |TAMS 0x0000000792e00000| PB 0x0000000792e00000| Untracked 
|1096|0x0000000793000000, 0x0000000793000000, 0x0000000793200000|  0%| F|  |TAMS 0x0000000793000000| PB 0x0000000793000000| Untracked 
|1097|0x0000000793200000, 0x0000000793200000, 0x0000000793400000|  0%| F|  |TAMS 0x0000000793200000| PB 0x0000000793200000| Untracked 
|1098|0x0000000793400000, 0x0000000793400000, 0x0000000793600000|  0%| F|  |TAMS 0x0000000793400000| PB 0x0000000793400000| Untracked 
|1099|0x0000000793600000, 0x0000000793600000, 0x0000000793800000|  0%| F|  |TAMS 0x0000000793600000| PB 0x0000000793600000| Untracked 
|1100|0x0000000793800000, 0x0000000793800000, 0x0000000793a00000|  0%| F|  |TAMS 0x0000000793800000| PB 0x0000000793800000| Untracked 
|1101|0x0000000793a00000, 0x0000000793a00000, 0x0000000793c00000|  0%| F|  |TAMS 0x0000000793a00000| PB 0x0000000793a00000| Untracked 
|1102|0x0000000793c00000, 0x0000000793c00000, 0x0000000793e00000|  0%| F|  |TAMS 0x0000000793c00000| PB 0x0000000793c00000| Untracked 
|1103|0x0000000793e00000, 0x0000000793e00000, 0x0000000794000000|  0%| F|  |TAMS 0x0000000793e00000| PB 0x0000000793e00000| Untracked 
|1104|0x0000000794000000, 0x0000000794000000, 0x0000000794200000|  0%| F|  |TAMS 0x0000000794000000| PB 0x0000000794000000| Untracked 
|1105|0x0000000794200000, 0x0000000794200000, 0x0000000794400000|  0%| F|  |TAMS 0x0000000794200000| PB 0x0000000794200000| Untracked 
|1106|0x0000000794400000, 0x0000000794400000, 0x0000000794600000|  0%| F|  |TAMS 0x0000000794400000| PB 0x0000000794400000| Untracked 
|1107|0x0000000794600000, 0x0000000794600000, 0x0000000794800000|  0%| F|  |TAMS 0x0000000794600000| PB 0x0000000794600000| Untracked 
|1108|0x0000000794800000, 0x0000000794800000, 0x0000000794a00000|  0%| F|  |TAMS 0x0000000794800000| PB 0x0000000794800000| Untracked 
|1109|0x0000000794a00000, 0x0000000794a00000, 0x0000000794c00000|  0%| F|  |TAMS 0x0000000794a00000| PB 0x0000000794a00000| Untracked 
|1110|0x0000000794c00000, 0x0000000794c00000, 0x0000000794e00000|  0%| F|  |TAMS 0x0000000794c00000| PB 0x0000000794c00000| Untracked 
|1111|0x0000000794e00000, 0x0000000794e00000, 0x0000000795000000|  0%| F|  |TAMS 0x0000000794e00000| PB 0x0000000794e00000| Untracked 
|1112|0x0000000795000000, 0x0000000795000000, 0x0000000795200000|  0%| F|  |TAMS 0x0000000795000000| PB 0x0000000795000000| Untracked 
|1113|0x0000000795200000, 0x0000000795200000, 0x0000000795400000|  0%| F|  |TAMS 0x0000000795200000| PB 0x0000000795200000| Untracked 
|1114|0x0000000795400000, 0x0000000795400000, 0x0000000795600000|  0%| F|  |TAMS 0x0000000795400000| PB 0x0000000795400000| Untracked 
|1115|0x0000000795600000, 0x0000000795600000, 0x0000000795800000|  0%| F|  |TAMS 0x0000000795600000| PB 0x0000000795600000| Untracked 
|1116|0x0000000795800000, 0x0000000795800000, 0x0000000795a00000|  0%| F|  |TAMS 0x0000000795800000| PB 0x0000000795800000| Untracked 
|1117|0x0000000795a00000, 0x0000000795a00000, 0x0000000795c00000|  0%| F|  |TAMS 0x0000000795a00000| PB 0x0000000795a00000| Untracked 
|1118|0x0000000795c00000, 0x0000000795c00000, 0x0000000795e00000|  0%| F|  |TAMS 0x0000000795c00000| PB 0x0000000795c00000| Untracked 
|1119|0x0000000795e00000, 0x0000000795e00000, 0x0000000796000000|  0%| F|  |TAMS 0x0000000795e00000| PB 0x0000000795e00000| Untracked 
|1120|0x0000000796000000, 0x0000000796000000, 0x0000000796200000|  0%| F|  |TAMS 0x0000000796000000| PB 0x0000000796000000| Untracked 
|1121|0x0000000796200000, 0x0000000796200000, 0x0000000796400000|  0%| F|  |TAMS 0x0000000796200000| PB 0x0000000796200000| Untracked 
|1122|0x0000000796400000, 0x0000000796400000, 0x0000000796600000|  0%| F|  |TAMS 0x0000000796400000| PB 0x0000000796400000| Untracked 
|1123|0x0000000796600000, 0x0000000796600000, 0x0000000796800000|  0%| F|  |TAMS 0x0000000796600000| PB 0x0000000796600000| Untracked 
|1124|0x0000000796800000, 0x0000000796800000, 0x0000000796a00000|  0%| F|  |TAMS 0x0000000796800000| PB 0x0000000796800000| Untracked 
|1125|0x0000000796a00000, 0x0000000796a00000, 0x0000000796c00000|  0%| F|  |TAMS 0x0000000796a00000| PB 0x0000000796a00000| Untracked 
|1126|0x0000000796c00000, 0x0000000796c00000, 0x0000000796e00000|  0%| F|  |TAMS 0x0000000796c00000| PB 0x0000000796c00000| Untracked 
|1127|0x0000000796e00000, 0x0000000796e00000, 0x0000000797000000|  0%| F|  |TAMS 0x0000000796e00000| PB 0x0000000796e00000| Untracked 
|1128|0x0000000797000000, 0x0000000797000000, 0x0000000797200000|  0%| F|  |TAMS 0x0000000797000000| PB 0x0000000797000000| Untracked 
|1129|0x0000000797200000, 0x0000000797200000, 0x0000000797400000|  0%| F|  |TAMS 0x0000000797200000| PB 0x0000000797200000| Untracked 
|1130|0x0000000797400000, 0x0000000797400000, 0x0000000797600000|  0%| F|  |TAMS 0x0000000797400000| PB 0x0000000797400000| Untracked 
|1131|0x0000000797600000, 0x0000000797600000, 0x0000000797800000|  0%| F|  |TAMS 0x0000000797600000| PB 0x0000000797600000| Untracked 
|1132|0x0000000797800000, 0x0000000797800000, 0x0000000797a00000|  0%| F|  |TAMS 0x0000000797800000| PB 0x0000000797800000| Untracked 
|1133|0x0000000797a00000, 0x0000000797a00000, 0x0000000797c00000|  0%| F|  |TAMS 0x0000000797a00000| PB 0x0000000797a00000| Untracked 
|1134|0x0000000797c00000, 0x0000000797c00000, 0x0000000797e00000|  0%| F|  |TAMS 0x0000000797c00000| PB 0x0000000797c00000| Untracked 
|1135|0x0000000797e00000, 0x0000000797e00000, 0x0000000798000000|  0%| F|  |TAMS 0x0000000797e00000| PB 0x0000000797e00000| Untracked 
|1136|0x0000000798000000, 0x0000000798000000, 0x0000000798200000|  0%| F|  |TAMS 0x0000000798000000| PB 0x0000000798000000| Untracked 
|1137|0x0000000798200000, 0x0000000798200000, 0x0000000798400000|  0%| F|  |TAMS 0x0000000798200000| PB 0x0000000798200000| Untracked 
|1138|0x0000000798400000, 0x0000000798400000, 0x0000000798600000|  0%| F|  |TAMS 0x0000000798400000| PB 0x0000000798400000| Untracked 
|1139|0x0000000798600000, 0x0000000798600000, 0x0000000798800000|  0%| F|  |TAMS 0x0000000798600000| PB 0x0000000798600000| Untracked 
|1140|0x0000000798800000, 0x0000000798800000, 0x0000000798a00000|  0%| F|  |TAMS 0x0000000798800000| PB 0x0000000798800000| Untracked 
|1141|0x0000000798a00000, 0x0000000798a00000, 0x0000000798c00000|  0%| F|  |TAMS 0x0000000798a00000| PB 0x0000000798a00000| Untracked 
|1142|0x0000000798c00000, 0x0000000798c00000, 0x0000000798e00000|  0%| F|  |TAMS 0x0000000798c00000| PB 0x0000000798c00000| Untracked 
|1143|0x0000000798e00000, 0x0000000798e00000, 0x0000000799000000|  0%| F|  |TAMS 0x0000000798e00000| PB 0x0000000798e00000| Untracked 
|1144|0x0000000799000000, 0x0000000799000000, 0x0000000799200000|  0%| F|  |TAMS 0x0000000799000000| PB 0x0000000799000000| Untracked 
|1145|0x0000000799200000, 0x0000000799200000, 0x0000000799400000|  0%| F|  |TAMS 0x0000000799200000| PB 0x0000000799200000| Untracked 
|1146|0x0000000799400000, 0x0000000799400000, 0x0000000799600000|  0%| F|  |TAMS 0x0000000799400000| PB 0x0000000799400000| Untracked 
|1147|0x0000000799600000, 0x0000000799600000, 0x0000000799800000|  0%| F|  |TAMS 0x0000000799600000| PB 0x0000000799600000| Untracked 
|1148|0x0000000799800000, 0x0000000799800000, 0x0000000799a00000|  0%| F|  |TAMS 0x0000000799800000| PB 0x0000000799800000| Untracked 
|1149|0x0000000799a00000, 0x0000000799a00000, 0x0000000799c00000|  0%| F|  |TAMS 0x0000000799a00000| PB 0x0000000799a00000| Untracked 
|1150|0x0000000799c00000, 0x0000000799c00000, 0x0000000799e00000|  0%| F|  |TAMS 0x0000000799c00000| PB 0x0000000799c00000| Untracked 
|1151|0x0000000799e00000, 0x0000000799e00000, 0x000000079a000000|  0%| F|  |TAMS 0x0000000799e00000| PB 0x0000000799e00000| Untracked 
|1152|0x000000079a000000, 0x000000079a000000, 0x000000079a200000|  0%| F|  |TAMS 0x000000079a000000| PB 0x000000079a000000| Untracked 
|1153|0x000000079a200000, 0x000000079a200000, 0x000000079a400000|  0%| F|  |TAMS 0x000000079a200000| PB 0x000000079a200000| Untracked 
|1154|0x000000079a400000, 0x000000079a400000, 0x000000079a600000|  0%| F|  |TAMS 0x000000079a400000| PB 0x000000079a400000| Untracked 
|1155|0x000000079a600000, 0x000000079a600000, 0x000000079a800000|  0%| F|  |TAMS 0x000000079a600000| PB 0x000000079a600000| Untracked 
|1156|0x000000079a800000, 0x000000079a800000, 0x000000079aa00000|  0%| F|  |TAMS 0x000000079a800000| PB 0x000000079a800000| Untracked 
|1157|0x000000079aa00000, 0x000000079aa00000, 0x000000079ac00000|  0%| F|  |TAMS 0x000000079aa00000| PB 0x000000079aa00000| Untracked 
|1158|0x000000079ac00000, 0x000000079ac00000, 0x000000079ae00000|  0%| F|  |TAMS 0x000000079ac00000| PB 0x000000079ac00000| Untracked 
|1159|0x000000079ae00000, 0x000000079ae00000, 0x000000079b000000|  0%| F|  |TAMS 0x000000079ae00000| PB 0x000000079ae00000| Untracked 
|1160|0x000000079b000000, 0x000000079b000000, 0x000000079b200000|  0%| F|  |TAMS 0x000000079b000000| PB 0x000000079b000000| Untracked 
|1161|0x000000079b200000, 0x000000079b200000, 0x000000079b400000|  0%| F|  |TAMS 0x000000079b200000| PB 0x000000079b200000| Untracked 
|1162|0x000000079b400000, 0x000000079b400000, 0x000000079b600000|  0%| F|  |TAMS 0x000000079b400000| PB 0x000000079b400000| Untracked 
|1163|0x000000079b600000, 0x000000079b600000, 0x000000079b800000|  0%| F|  |TAMS 0x000000079b600000| PB 0x000000079b600000| Untracked 
|1164|0x000000079b800000, 0x000000079b800000, 0x000000079ba00000|  0%| F|  |TAMS 0x000000079b800000| PB 0x000000079b800000| Untracked 
|1165|0x000000079ba00000, 0x000000079ba00000, 0x000000079bc00000|  0%| F|  |TAMS 0x000000079ba00000| PB 0x000000079ba00000| Untracked 
|1166|0x000000079bc00000, 0x000000079bc00000, 0x000000079be00000|  0%| F|  |TAMS 0x000000079bc00000| PB 0x000000079bc00000| Untracked 
|1167|0x000000079be00000, 0x000000079be00000, 0x000000079c000000|  0%| F|  |TAMS 0x000000079be00000| PB 0x000000079be00000| Untracked 
|1168|0x000000079c000000, 0x000000079c000000, 0x000000079c200000|  0%| F|  |TAMS 0x000000079c000000| PB 0x000000079c000000| Untracked 
|1169|0x000000079c200000, 0x000000079c200000, 0x000000079c400000|  0%| F|  |TAMS 0x000000079c200000| PB 0x000000079c200000| Untracked 
|1170|0x000000079c400000, 0x000000079c400000, 0x000000079c600000|  0%| F|  |TAMS 0x000000079c400000| PB 0x000000079c400000| Untracked 
|1171|0x000000079c600000, 0x000000079c600000, 0x000000079c800000|  0%| F|  |TAMS 0x000000079c600000| PB 0x000000079c600000| Untracked 
|1172|0x000000079c800000, 0x000000079c800000, 0x000000079ca00000|  0%| F|  |TAMS 0x000000079c800000| PB 0x000000079c800000| Untracked 
|1173|0x000000079ca00000, 0x000000079ca00000, 0x000000079cc00000|  0%| F|  |TAMS 0x000000079ca00000| PB 0x000000079ca00000| Untracked 
|1174|0x000000079cc00000, 0x000000079cc00000, 0x000000079ce00000|  0%| F|  |TAMS 0x000000079cc00000| PB 0x000000079cc00000| Untracked 
|1175|0x000000079ce00000, 0x000000079ce00000, 0x000000079d000000|  0%| F|  |TAMS 0x000000079ce00000| PB 0x000000079ce00000| Untracked 
|1176|0x000000079d000000, 0x000000079d000000, 0x000000079d200000|  0%| F|  |TAMS 0x000000079d000000| PB 0x000000079d000000| Untracked 
|1177|0x000000079d200000, 0x000000079d200000, 0x000000079d400000|  0%| F|  |TAMS 0x000000079d200000| PB 0x000000079d200000| Untracked 
|1178|0x000000079d400000, 0x000000079d400000, 0x000000079d600000|  0%| F|  |TAMS 0x000000079d400000| PB 0x000000079d400000| Untracked 
|1179|0x000000079d600000, 0x000000079d600000, 0x000000079d800000|  0%| F|  |TAMS 0x000000079d600000| PB 0x000000079d600000| Untracked 
|1180|0x000000079d800000, 0x000000079d800000, 0x000000079da00000|  0%| F|  |TAMS 0x000000079d800000| PB 0x000000079d800000| Untracked 
|1181|0x000000079da00000, 0x000000079da00000, 0x000000079dc00000|  0%| F|  |TAMS 0x000000079da00000| PB 0x000000079da00000| Untracked 
|1182|0x000000079dc00000, 0x000000079dc00000, 0x000000079de00000|  0%| F|  |TAMS 0x000000079dc00000| PB 0x000000079dc00000| Untracked 
|1183|0x000000079de00000, 0x000000079de00000, 0x000000079e000000|  0%| F|  |TAMS 0x000000079de00000| PB 0x000000079de00000| Untracked 
|1184|0x000000079e000000, 0x000000079e000000, 0x000000079e200000|  0%| F|  |TAMS 0x000000079e000000| PB 0x000000079e000000| Untracked 
|1185|0x000000079e200000, 0x000000079e200000, 0x000000079e400000|  0%| F|  |TAMS 0x000000079e200000| PB 0x000000079e200000| Untracked 
|1186|0x000000079e400000, 0x000000079e400000, 0x000000079e600000|  0%| F|  |TAMS 0x000000079e400000| PB 0x000000079e400000| Untracked 
|1187|0x000000079e600000, 0x000000079e600000, 0x000000079e800000|  0%| F|  |TAMS 0x000000079e600000| PB 0x000000079e600000| Untracked 
|1188|0x000000079e800000, 0x000000079e800000, 0x000000079ea00000|  0%| F|  |TAMS 0x000000079e800000| PB 0x000000079e800000| Untracked 
|1189|0x000000079ea00000, 0x000000079ea00000, 0x000000079ec00000|  0%| F|  |TAMS 0x000000079ea00000| PB 0x000000079ea00000| Untracked 
|1190|0x000000079ec00000, 0x000000079ec00000, 0x000000079ee00000|  0%| F|  |TAMS 0x000000079ec00000| PB 0x000000079ec00000| Untracked 
|1191|0x000000079ee00000, 0x000000079ee00000, 0x000000079f000000|  0%| F|  |TAMS 0x000000079ee00000| PB 0x000000079ee00000| Untracked 
|1192|0x000000079f000000, 0x000000079f000000, 0x000000079f200000|  0%| F|  |TAMS 0x000000079f000000| PB 0x000000079f000000| Untracked 
|1193|0x000000079f200000, 0x000000079f200000, 0x000000079f400000|  0%| F|  |TAMS 0x000000079f200000| PB 0x000000079f200000| Untracked 
|1194|0x000000079f400000, 0x000000079f400000, 0x000000079f600000|  0%| F|  |TAMS 0x000000079f400000| PB 0x000000079f400000| Untracked 
|1195|0x000000079f600000, 0x000000079f600000, 0x000000079f800000|  0%| F|  |TAMS 0x000000079f600000| PB 0x000000079f600000| Untracked 
|1196|0x000000079f800000, 0x000000079f800000, 0x000000079fa00000|  0%| F|  |TAMS 0x000000079f800000| PB 0x000000079f800000| Untracked 
|1197|0x000000079fa00000, 0x000000079fa00000, 0x000000079fc00000|  0%| F|  |TAMS 0x000000079fa00000| PB 0x000000079fa00000| Untracked 
|1198|0x000000079fc00000, 0x000000079fc00000, 0x000000079fe00000|  0%| F|  |TAMS 0x000000079fc00000| PB 0x000000079fc00000| Untracked 
|1199|0x000000079fe00000, 0x000000079fe00000, 0x00000007a0000000|  0%| F|  |TAMS 0x000000079fe00000| PB 0x000000079fe00000| Untracked 
|1200|0x00000007a0000000, 0x00000007a0000000, 0x00000007a0200000|  0%| F|  |TAMS 0x00000007a0000000| PB 0x00000007a0000000| Untracked 
|1201|0x00000007a0200000, 0x00000007a0200000, 0x00000007a0400000|  0%| F|  |TAMS 0x00000007a0200000| PB 0x00000007a0200000| Untracked 
|1202|0x00000007a0400000, 0x00000007a0400000, 0x00000007a0600000|  0%| F|  |TAMS 0x00000007a0400000| PB 0x00000007a0400000| Untracked 
|1203|0x00000007a0600000, 0x00000007a0600000, 0x00000007a0800000|  0%| F|  |TAMS 0x00000007a0600000| PB 0x00000007a0600000| Untracked 
|1204|0x00000007a0800000, 0x00000007a0800000, 0x00000007a0a00000|  0%| F|  |TAMS 0x00000007a0800000| PB 0x00000007a0800000| Untracked 
|1205|0x00000007a0a00000, 0x00000007a0a00000, 0x00000007a0c00000|  0%| F|  |TAMS 0x00000007a0a00000| PB 0x00000007a0a00000| Untracked 
|1206|0x00000007a0c00000, 0x00000007a0c00000, 0x00000007a0e00000|  0%| F|  |TAMS 0x00000007a0c00000| PB 0x00000007a0c00000| Untracked 
|1207|0x00000007a0e00000, 0x00000007a0e00000, 0x00000007a1000000|  0%| F|  |TAMS 0x00000007a0e00000| PB 0x00000007a0e00000| Untracked 
|1208|0x00000007a1000000, 0x00000007a1000000, 0x00000007a1200000|  0%| F|  |TAMS 0x00000007a1000000| PB 0x00000007a1000000| Untracked 
|1209|0x00000007a1200000, 0x00000007a1200000, 0x00000007a1400000|  0%| F|  |TAMS 0x00000007a1200000| PB 0x00000007a1200000| Untracked 
|1210|0x00000007a1400000, 0x00000007a1400000, 0x00000007a1600000|  0%| F|  |TAMS 0x00000007a1400000| PB 0x00000007a1400000| Untracked 
|1211|0x00000007a1600000, 0x00000007a1600000, 0x00000007a1800000|  0%| F|  |TAMS 0x00000007a1600000| PB 0x00000007a1600000| Untracked 
|1212|0x00000007a1800000, 0x00000007a1800000, 0x00000007a1a00000|  0%| F|  |TAMS 0x00000007a1800000| PB 0x00000007a1800000| Untracked 
|1213|0x00000007a1a00000, 0x00000007a1a00000, 0x00000007a1c00000|  0%| F|  |TAMS 0x00000007a1a00000| PB 0x00000007a1a00000| Untracked 
|1214|0x00000007a1c00000, 0x00000007a1c00000, 0x00000007a1e00000|  0%| F|  |TAMS 0x00000007a1c00000| PB 0x00000007a1c00000| Untracked 
|1215|0x00000007a1e00000, 0x00000007a1e00000, 0x00000007a2000000|  0%| F|  |TAMS 0x00000007a1e00000| PB 0x00000007a1e00000| Untracked 
|1216|0x00000007a2000000, 0x00000007a2000000, 0x00000007a2200000|  0%| F|  |TAMS 0x00000007a2000000| PB 0x00000007a2000000| Untracked 
|1217|0x00000007a2200000, 0x00000007a2200000, 0x00000007a2400000|  0%| F|  |TAMS 0x00000007a2200000| PB 0x00000007a2200000| Untracked 
|1218|0x00000007a2400000, 0x00000007a2400000, 0x00000007a2600000|  0%| F|  |TAMS 0x00000007a2400000| PB 0x00000007a2400000| Untracked 
|1219|0x00000007a2600000, 0x00000007a2600000, 0x00000007a2800000|  0%| F|  |TAMS 0x00000007a2600000| PB 0x00000007a2600000| Untracked 
|1220|0x00000007a2800000, 0x00000007a2800000, 0x00000007a2a00000|  0%| F|  |TAMS 0x00000007a2800000| PB 0x00000007a2800000| Untracked 
|1221|0x00000007a2a00000, 0x00000007a2a00000, 0x00000007a2c00000|  0%| F|  |TAMS 0x00000007a2a00000| PB 0x00000007a2a00000| Untracked 
|1222|0x00000007a2c00000, 0x00000007a2c00000, 0x00000007a2e00000|  0%| F|  |TAMS 0x00000007a2c00000| PB 0x00000007a2c00000| Untracked 
|1223|0x00000007a2e00000, 0x00000007a2e00000, 0x00000007a3000000|  0%| F|  |TAMS 0x00000007a2e00000| PB 0x00000007a2e00000| Untracked 
|1224|0x00000007a3000000, 0x00000007a3000000, 0x00000007a3200000|  0%| F|  |TAMS 0x00000007a3000000| PB 0x00000007a3000000| Untracked 
|1225|0x00000007a3200000, 0x00000007a3200000, 0x00000007a3400000|  0%| F|  |TAMS 0x00000007a3200000| PB 0x00000007a3200000| Untracked 
|1226|0x00000007a3400000, 0x00000007a3400000, 0x00000007a3600000|  0%| F|  |TAMS 0x00000007a3400000| PB 0x00000007a3400000| Untracked 
|1227|0x00000007a3600000, 0x00000007a3600000, 0x00000007a3800000|  0%| F|  |TAMS 0x00000007a3600000| PB 0x00000007a3600000| Untracked 
|1228|0x00000007a3800000, 0x00000007a3800000, 0x00000007a3a00000|  0%| F|  |TAMS 0x00000007a3800000| PB 0x00000007a3800000| Untracked 
|1229|0x00000007a3a00000, 0x00000007a3a00000, 0x00000007a3c00000|  0%| F|  |TAMS 0x00000007a3a00000| PB 0x00000007a3a00000| Untracked 
|1230|0x00000007a3c00000, 0x00000007a3c00000, 0x00000007a3e00000|  0%| F|  |TAMS 0x00000007a3c00000| PB 0x00000007a3c00000| Untracked 
|1231|0x00000007a3e00000, 0x00000007a3e00000, 0x00000007a4000000|  0%| F|  |TAMS 0x00000007a3e00000| PB 0x00000007a3e00000| Untracked 
|1232|0x00000007a4000000, 0x00000007a4000000, 0x00000007a4200000|  0%| F|  |TAMS 0x00000007a4000000| PB 0x00000007a4000000| Untracked 
|1233|0x00000007a4200000, 0x00000007a4200000, 0x00000007a4400000|  0%| F|  |TAMS 0x00000007a4200000| PB 0x00000007a4200000| Untracked 
|1234|0x00000007a4400000, 0x00000007a4400000, 0x00000007a4600000|  0%| F|  |TAMS 0x00000007a4400000| PB 0x00000007a4400000| Untracked 
|1235|0x00000007a4600000, 0x00000007a4600000, 0x00000007a4800000|  0%| F|  |TAMS 0x00000007a4600000| PB 0x00000007a4600000| Untracked 
|1236|0x00000007a4800000, 0x00000007a4800000, 0x00000007a4a00000|  0%| F|  |TAMS 0x00000007a4800000| PB 0x00000007a4800000| Untracked 
|1237|0x00000007a4a00000, 0x00000007a4a00000, 0x00000007a4c00000|  0%| F|  |TAMS 0x00000007a4a00000| PB 0x00000007a4a00000| Untracked 
|1238|0x00000007a4c00000, 0x00000007a4c00000, 0x00000007a4e00000|  0%| F|  |TAMS 0x00000007a4c00000| PB 0x00000007a4c00000| Untracked 
|1239|0x00000007a4e00000, 0x00000007a4e00000, 0x00000007a5000000|  0%| F|  |TAMS 0x00000007a4e00000| PB 0x00000007a4e00000| Untracked 
|1240|0x00000007a5000000, 0x00000007a5000000, 0x00000007a5200000|  0%| F|  |TAMS 0x00000007a5000000| PB 0x00000007a5000000| Untracked 
|1241|0x00000007a5200000, 0x00000007a5200000, 0x00000007a5400000|  0%| F|  |TAMS 0x00000007a5200000| PB 0x00000007a5200000| Untracked 
|1242|0x00000007a5400000, 0x00000007a5400000, 0x00000007a5600000|  0%| F|  |TAMS 0x00000007a5400000| PB 0x00000007a5400000| Untracked 
|1243|0x00000007a5600000, 0x00000007a5600000, 0x00000007a5800000|  0%| F|  |TAMS 0x00000007a5600000| PB 0x00000007a5600000| Untracked 
|1244|0x00000007a5800000, 0x00000007a5800000, 0x00000007a5a00000|  0%| F|  |TAMS 0x00000007a5800000| PB 0x00000007a5800000| Untracked 
|1245|0x00000007a5a00000, 0x00000007a5a00000, 0x00000007a5c00000|  0%| F|  |TAMS 0x00000007a5a00000| PB 0x00000007a5a00000| Untracked 
|1246|0x00000007a5c00000, 0x00000007a5c00000, 0x00000007a5e00000|  0%| F|  |TAMS 0x00000007a5c00000| PB 0x00000007a5c00000| Untracked 
|1247|0x00000007a5e00000, 0x00000007a5e00000, 0x00000007a6000000|  0%| F|  |TAMS 0x00000007a5e00000| PB 0x00000007a5e00000| Untracked 
|1248|0x00000007a6000000, 0x00000007a6000000, 0x00000007a6200000|  0%| F|  |TAMS 0x00000007a6000000| PB 0x00000007a6000000| Untracked 
|1249|0x00000007a6200000, 0x00000007a6200000, 0x00000007a6400000|  0%| F|  |TAMS 0x00000007a6200000| PB 0x00000007a6200000| Untracked 
|1250|0x00000007a6400000, 0x00000007a6400000, 0x00000007a6600000|  0%| F|  |TAMS 0x00000007a6400000| PB 0x00000007a6400000| Untracked 
|1251|0x00000007a6600000, 0x00000007a6600000, 0x00000007a6800000|  0%| F|  |TAMS 0x00000007a6600000| PB 0x00000007a6600000| Untracked 
|1252|0x00000007a6800000, 0x00000007a6800000, 0x00000007a6a00000|  0%| F|  |TAMS 0x00000007a6800000| PB 0x00000007a6800000| Untracked 
|1253|0x00000007a6a00000, 0x00000007a6a00000, 0x00000007a6c00000|  0%| F|  |TAMS 0x00000007a6a00000| PB 0x00000007a6a00000| Untracked 
|1254|0x00000007a6c00000, 0x00000007a6c00000, 0x00000007a6e00000|  0%| F|  |TAMS 0x00000007a6c00000| PB 0x00000007a6c00000| Untracked 
|1255|0x00000007a6e00000, 0x00000007a6e00000, 0x00000007a7000000|  0%| F|  |TAMS 0x00000007a6e00000| PB 0x00000007a6e00000| Untracked 
|1256|0x00000007a7000000, 0x00000007a7000000, 0x00000007a7200000|  0%| F|  |TAMS 0x00000007a7000000| PB 0x00000007a7000000| Untracked 
|1257|0x00000007a7200000, 0x00000007a7200000, 0x00000007a7400000|  0%| F|  |TAMS 0x00000007a7200000| PB 0x00000007a7200000| Untracked 
|1258|0x00000007a7400000, 0x00000007a7400000, 0x00000007a7600000|  0%| F|  |TAMS 0x00000007a7400000| PB 0x00000007a7400000| Untracked 
|1259|0x00000007a7600000, 0x00000007a7600000, 0x00000007a7800000|  0%| F|  |TAMS 0x00000007a7600000| PB 0x00000007a7600000| Untracked 
|1260|0x00000007a7800000, 0x00000007a7800000, 0x00000007a7a00000|  0%| F|  |TAMS 0x00000007a7800000| PB 0x00000007a7800000| Untracked 
|1261|0x00000007a7a00000, 0x00000007a7a00000, 0x00000007a7c00000|  0%| F|  |TAMS 0x00000007a7a00000| PB 0x00000007a7a00000| Untracked 
|1262|0x00000007a7c00000, 0x00000007a7c00000, 0x00000007a7e00000|  0%| F|  |TAMS 0x00000007a7c00000| PB 0x00000007a7c00000| Untracked 
|1263|0x00000007a7e00000, 0x00000007a7e00000, 0x00000007a8000000|  0%| F|  |TAMS 0x00000007a7e00000| PB 0x00000007a7e00000| Untracked 
|1264|0x00000007a8000000, 0x00000007a8000000, 0x00000007a8200000|  0%| F|  |TAMS 0x00000007a8000000| PB 0x00000007a8000000| Untracked 
|1265|0x00000007a8200000, 0x00000007a8200000, 0x00000007a8400000|  0%| F|  |TAMS 0x00000007a8200000| PB 0x00000007a8200000| Untracked 
|1266|0x00000007a8400000, 0x00000007a8400000, 0x00000007a8600000|  0%| F|  |TAMS 0x00000007a8400000| PB 0x00000007a8400000| Untracked 
|1267|0x00000007a8600000, 0x00000007a8600000, 0x00000007a8800000|  0%| F|  |TAMS 0x00000007a8600000| PB 0x00000007a8600000| Untracked 
|1268|0x00000007a8800000, 0x00000007a8800000, 0x00000007a8a00000|  0%| F|  |TAMS 0x00000007a8800000| PB 0x00000007a8800000| Untracked 
|1269|0x00000007a8a00000, 0x00000007a8a00000, 0x00000007a8c00000|  0%| F|  |TAMS 0x00000007a8a00000| PB 0x00000007a8a00000| Untracked 
|1270|0x00000007a8c00000, 0x00000007a8c00000, 0x00000007a8e00000|  0%| F|  |TAMS 0x00000007a8c00000| PB 0x00000007a8c00000| Untracked 
|1271|0x00000007a8e00000, 0x00000007a8e00000, 0x00000007a9000000|  0%| F|  |TAMS 0x00000007a8e00000| PB 0x00000007a8e00000| Untracked 
|1272|0x00000007a9000000, 0x00000007a9000000, 0x00000007a9200000|  0%| F|  |TAMS 0x00000007a9000000| PB 0x00000007a9000000| Untracked 
|1273|0x00000007a9200000, 0x00000007a9200000, 0x00000007a9400000|  0%| F|  |TAMS 0x00000007a9200000| PB 0x00000007a9200000| Untracked 
|1274|0x00000007a9400000, 0x00000007a9400000, 0x00000007a9600000|  0%| F|  |TAMS 0x00000007a9400000| PB 0x00000007a9400000| Untracked 
|1275|0x00000007a9600000, 0x00000007a9600000, 0x00000007a9800000|  0%| F|  |TAMS 0x00000007a9600000| PB 0x00000007a9600000| Untracked 
|1276|0x00000007a9800000, 0x00000007a9800000, 0x00000007a9a00000|  0%| F|  |TAMS 0x00000007a9800000| PB 0x00000007a9800000| Untracked 
|1277|0x00000007a9a00000, 0x00000007a9a00000, 0x00000007a9c00000|  0%| F|  |TAMS 0x00000007a9a00000| PB 0x00000007a9a00000| Untracked 
|1278|0x00000007a9c00000, 0x00000007a9c00000, 0x00000007a9e00000|  0%| F|  |TAMS 0x00000007a9c00000| PB 0x00000007a9c00000| Untracked 
|1279|0x00000007a9e00000, 0x00000007aa000000, 0x00000007aa000000|100%| E|  |TAMS 0x00000007a9e00000| PB 0x00000007a9e00000| Complete 
|1280|0x00000007aa000000, 0x00000007aa200000, 0x00000007aa200000|100%| E|CS|TAMS 0x00000007aa000000| PB 0x00000007aa000000| Complete 
|1281|0x00000007aa200000, 0x00000007aa400000, 0x00000007aa400000|100%| E|CS|TAMS 0x00000007aa200000| PB 0x00000007aa200000| Complete 
|1282|0x00000007aa400000, 0x00000007aa600000, 0x00000007aa600000|100%| E|CS|TAMS 0x00000007aa400000| PB 0x00000007aa400000| Complete 
|1283|0x00000007aa600000, 0x00000007aa800000, 0x00000007aa800000|100%| E|CS|TAMS 0x00000007aa600000| PB 0x00000007aa600000| Complete 
|1284|0x00000007aa800000, 0x00000007aaa00000, 0x00000007aaa00000|100%| E|CS|TAMS 0x00000007aa800000| PB 0x00000007aa800000| Complete 
|1285|0x00000007aaa00000, 0x00000007aac00000, 0x00000007aac00000|100%| E|CS|TAMS 0x00000007aaa00000| PB 0x00000007aaa00000| Complete 
|1286|0x00000007aac00000, 0x00000007aae00000, 0x00000007aae00000|100%| E|CS|TAMS 0x00000007aac00000| PB 0x00000007aac00000| Complete 
|1287|0x00000007aae00000, 0x00000007ab000000, 0x00000007ab000000|100%| E|CS|TAMS 0x00000007aae00000| PB 0x00000007aae00000| Complete 
|1288|0x00000007ab000000, 0x00000007ab200000, 0x00000007ab200000|100%| E|CS|TAMS 0x00000007ab000000| PB 0x00000007ab000000| Complete 
|1289|0x00000007ab200000, 0x00000007ab400000, 0x00000007ab400000|100%| E|CS|TAMS 0x00000007ab200000| PB 0x00000007ab200000| Complete 
|1290|0x00000007ab400000, 0x00000007ab600000, 0x00000007ab600000|100%| E|CS|TAMS 0x00000007ab400000| PB 0x00000007ab400000| Complete 
|1291|0x00000007ab600000, 0x00000007ab800000, 0x00000007ab800000|100%| E|CS|TAMS 0x00000007ab600000| PB 0x00000007ab600000| Complete 
|1292|0x00000007ab800000, 0x00000007aba00000, 0x00000007aba00000|100%| E|CS|TAMS 0x00000007ab800000| PB 0x00000007ab800000| Complete 
|1293|0x00000007aba00000, 0x00000007abc00000, 0x00000007abc00000|100%| E|CS|TAMS 0x00000007aba00000| PB 0x00000007aba00000| Complete 
|1294|0x00000007abc00000, 0x00000007abe00000, 0x00000007abe00000|100%| E|CS|TAMS 0x00000007abc00000| PB 0x00000007abc00000| Complete 
|1295|0x00000007abe00000, 0x00000007ac000000, 0x00000007ac000000|100%| E|CS|TAMS 0x00000007abe00000| PB 0x00000007abe00000| Complete 
|1296|0x00000007ac000000, 0x00000007ac200000, 0x00000007ac200000|100%| E|CS|TAMS 0x00000007ac000000| PB 0x00000007ac000000| Complete 
|1297|0x00000007ac200000, 0x00000007ac400000, 0x00000007ac400000|100%| E|CS|TAMS 0x00000007ac200000| PB 0x00000007ac200000| Complete 
|1298|0x00000007ac400000, 0x00000007ac600000, 0x00000007ac600000|100%| E|CS|TAMS 0x00000007ac400000| PB 0x00000007ac400000| Complete 
|1299|0x00000007ac600000, 0x00000007ac800000, 0x00000007ac800000|100%| E|CS|TAMS 0x00000007ac600000| PB 0x00000007ac600000| Complete 
|1300|0x00000007ac800000, 0x00000007aca00000, 0x00000007aca00000|100%| E|CS|TAMS 0x00000007ac800000| PB 0x00000007ac800000| Complete 
|1301|0x00000007aca00000, 0x00000007acc00000, 0x00000007acc00000|100%| E|CS|TAMS 0x00000007aca00000| PB 0x00000007aca00000| Complete 
|1302|0x00000007acc00000, 0x00000007ace00000, 0x00000007ace00000|100%| E|CS|TAMS 0x00000007acc00000| PB 0x00000007acc00000| Complete 
|1303|0x00000007ace00000, 0x00000007ad000000, 0x00000007ad000000|100%| E|CS|TAMS 0x00000007ace00000| PB 0x00000007ace00000| Complete 
|1304|0x00000007ad000000, 0x00000007ad200000, 0x00000007ad200000|100%| E|CS|TAMS 0x00000007ad000000| PB 0x00000007ad000000| Complete 
|1305|0x00000007ad200000, 0x00000007ad400000, 0x00000007ad400000|100%| E|CS|TAMS 0x00000007ad200000| PB 0x00000007ad200000| Complete 
|1306|0x00000007ad400000, 0x00000007ad600000, 0x00000007ad600000|100%| E|CS|TAMS 0x00000007ad400000| PB 0x00000007ad400000| Complete 
|1307|0x00000007ad600000, 0x00000007ad800000, 0x00000007ad800000|100%| E|CS|TAMS 0x00000007ad600000| PB 0x00000007ad600000| Complete 
|1308|0x00000007ad800000, 0x00000007ada00000, 0x00000007ada00000|100%| E|CS|TAMS 0x00000007ad800000| PB 0x00000007ad800000| Complete 
|1309|0x00000007ada00000, 0x00000007adc00000, 0x00000007adc00000|100%| E|CS|TAMS 0x00000007ada00000| PB 0x00000007ada00000| Complete 
|1310|0x00000007adc00000, 0x00000007ade00000, 0x00000007ade00000|100%| E|CS|TAMS 0x00000007adc00000| PB 0x00000007adc00000| Complete 
|1311|0x00000007ade00000, 0x00000007ae000000, 0x00000007ae000000|100%| E|CS|TAMS 0x00000007ade00000| PB 0x00000007ade00000| Complete 
|1312|0x00000007ae000000, 0x00000007ae200000, 0x00000007ae200000|100%| E|CS|TAMS 0x00000007ae000000| PB 0x00000007ae000000| Complete 
|1313|0x00000007ae200000, 0x00000007ae400000, 0x00000007ae400000|100%| E|CS|TAMS 0x00000007ae200000| PB 0x00000007ae200000| Complete 
|1314|0x00000007ae400000, 0x00000007ae600000, 0x00000007ae600000|100%| E|CS|TAMS 0x00000007ae400000| PB 0x00000007ae400000| Complete 
|1315|0x00000007ae600000, 0x00000007ae800000, 0x00000007ae800000|100%| E|CS|TAMS 0x00000007ae600000| PB 0x00000007ae600000| Complete 
|1316|0x00000007ae800000, 0x00000007aea00000, 0x00000007aea00000|100%| E|CS|TAMS 0x00000007ae800000| PB 0x00000007ae800000| Complete 
|1317|0x00000007aea00000, 0x00000007aec00000, 0x00000007aec00000|100%| E|CS|TAMS 0x00000007aea00000| PB 0x00000007aea00000| Complete 
|1318|0x00000007aec00000, 0x00000007aee00000, 0x00000007aee00000|100%| E|CS|TAMS 0x00000007aec00000| PB 0x00000007aec00000| Complete 
|1319|0x00000007aee00000, 0x00000007af000000, 0x00000007af000000|100%| E|CS|TAMS 0x00000007aee00000| PB 0x00000007aee00000| Complete 
|1320|0x00000007af000000, 0x00000007af200000, 0x00000007af200000|100%| E|CS|TAMS 0x00000007af000000| PB 0x00000007af000000| Complete 
|1321|0x00000007af200000, 0x00000007af400000, 0x00000007af400000|100%| E|CS|TAMS 0x00000007af200000| PB 0x00000007af200000| Complete 
|1322|0x00000007af400000, 0x00000007af600000, 0x00000007af600000|100%| E|CS|TAMS 0x00000007af400000| PB 0x00000007af400000| Complete 
|1323|0x00000007af600000, 0x00000007af800000, 0x00000007af800000|100%| E|CS|TAMS 0x00000007af600000| PB 0x00000007af600000| Complete 
|1324|0x00000007af800000, 0x00000007afa00000, 0x00000007afa00000|100%| E|CS|TAMS 0x00000007af800000| PB 0x00000007af800000| Complete 
|1325|0x00000007afa00000, 0x00000007afc00000, 0x00000007afc00000|100%| E|CS|TAMS 0x00000007afa00000| PB 0x00000007afa00000| Complete 
|1326|0x00000007afc00000, 0x00000007afe00000, 0x00000007afe00000|100%| E|CS|TAMS 0x00000007afc00000| PB 0x00000007afc00000| Complete 
|1327|0x00000007afe00000, 0x00000007b0000000, 0x00000007b0000000|100%| E|CS|TAMS 0x00000007afe00000| PB 0x00000007afe00000| Complete 
|1328|0x00000007b0000000, 0x00000007b0200000, 0x00000007b0200000|100%| E|CS|TAMS 0x00000007b0000000| PB 0x00000007b0000000| Complete 
|1329|0x00000007b0200000, 0x00000007b0400000, 0x00000007b0400000|100%| E|CS|TAMS 0x00000007b0200000| PB 0x00000007b0200000| Complete 
|1330|0x00000007b0400000, 0x00000007b0600000, 0x00000007b0600000|100%| E|CS|TAMS 0x00000007b0400000| PB 0x00000007b0400000| Complete 
|1331|0x00000007b0600000, 0x00000007b0800000, 0x00000007b0800000|100%| E|CS|TAMS 0x00000007b0600000| PB 0x00000007b0600000| Complete 
|1332|0x00000007b0800000, 0x00000007b0a00000, 0x00000007b0a00000|100%| E|CS|TAMS 0x00000007b0800000| PB 0x00000007b0800000| Complete 
|1333|0x00000007b0a00000, 0x00000007b0c00000, 0x00000007b0c00000|100%| E|CS|TAMS 0x00000007b0a00000| PB 0x00000007b0a00000| Complete 
|1334|0x00000007b0c00000, 0x00000007b0e00000, 0x00000007b0e00000|100%| E|CS|TAMS 0x00000007b0c00000| PB 0x00000007b0c00000| Complete 
|1335|0x00000007b0e00000, 0x00000007b1000000, 0x00000007b1000000|100%| E|CS|TAMS 0x00000007b0e00000| PB 0x00000007b0e00000| Complete 
|1336|0x00000007b1000000, 0x00000007b1200000, 0x00000007b1200000|100%| E|CS|TAMS 0x00000007b1000000| PB 0x00000007b1000000| Complete 
|1337|0x00000007b1200000, 0x00000007b1400000, 0x00000007b1400000|100%| E|CS|TAMS 0x00000007b1200000| PB 0x00000007b1200000| Complete 
|1338|0x00000007b1400000, 0x00000007b1600000, 0x00000007b1600000|100%| E|CS|TAMS 0x00000007b1400000| PB 0x00000007b1400000| Complete 
|1339|0x00000007b1600000, 0x00000007b1800000, 0x00000007b1800000|100%| E|CS|TAMS 0x00000007b1600000| PB 0x00000007b1600000| Complete 
|1340|0x00000007b1800000, 0x00000007b1a00000, 0x00000007b1a00000|100%| E|CS|TAMS 0x00000007b1800000| PB 0x00000007b1800000| Complete 
|1341|0x00000007b1a00000, 0x00000007b1c00000, 0x00000007b1c00000|100%| E|CS|TAMS 0x00000007b1a00000| PB 0x00000007b1a00000| Complete 
|1342|0x00000007b1c00000, 0x00000007b1e00000, 0x00000007b1e00000|100%| E|CS|TAMS 0x00000007b1c00000| PB 0x00000007b1c00000| Complete 
|1343|0x00000007b1e00000, 0x00000007b2000000, 0x00000007b2000000|100%| E|CS|TAMS 0x00000007b1e00000| PB 0x00000007b1e00000| Complete 
|1344|0x00000007b2000000, 0x00000007b2200000, 0x00000007b2200000|100%| E|CS|TAMS 0x00000007b2000000| PB 0x00000007b2000000| Complete 
|1345|0x00000007b2200000, 0x00000007b2400000, 0x00000007b2400000|100%| E|CS|TAMS 0x00000007b2200000| PB 0x00000007b2200000| Complete 
|1346|0x00000007b2400000, 0x00000007b2600000, 0x00000007b2600000|100%| E|CS|TAMS 0x00000007b2400000| PB 0x00000007b2400000| Complete 
|1347|0x00000007b2600000, 0x00000007b2800000, 0x00000007b2800000|100%| E|CS|TAMS 0x00000007b2600000| PB 0x00000007b2600000| Complete 
|1348|0x00000007b2800000, 0x00000007b2a00000, 0x00000007b2a00000|100%| E|CS|TAMS 0x00000007b2800000| PB 0x00000007b2800000| Complete 
|1349|0x00000007b2a00000, 0x00000007b2c00000, 0x00000007b2c00000|100%| E|CS|TAMS 0x00000007b2a00000| PB 0x00000007b2a00000| Complete 
|1350|0x00000007b2c00000, 0x00000007b2e00000, 0x00000007b2e00000|100%| E|CS|TAMS 0x00000007b2c00000| PB 0x00000007b2c00000| Complete 
|1351|0x00000007b2e00000, 0x00000007b3000000, 0x00000007b3000000|100%| E|CS|TAMS 0x00000007b2e00000| PB 0x00000007b2e00000| Complete 
|1352|0x00000007b3000000, 0x00000007b3200000, 0x00000007b3200000|100%| E|CS|TAMS 0x00000007b3000000| PB 0x00000007b3000000| Complete 
|1353|0x00000007b3200000, 0x00000007b3400000, 0x00000007b3400000|100%| E|CS|TAMS 0x00000007b3200000| PB 0x00000007b3200000| Complete 
|1354|0x00000007b3400000, 0x00000007b3600000, 0x00000007b3600000|100%| E|CS|TAMS 0x00000007b3400000| PB 0x00000007b3400000| Complete 
|1355|0x00000007b3600000, 0x00000007b3800000, 0x00000007b3800000|100%| E|CS|TAMS 0x00000007b3600000| PB 0x00000007b3600000| Complete 
|1356|0x00000007b3800000, 0x00000007b3a00000, 0x00000007b3a00000|100%| E|CS|TAMS 0x00000007b3800000| PB 0x00000007b3800000| Complete 
|1357|0x00000007b3a00000, 0x00000007b3c00000, 0x00000007b3c00000|100%| E|CS|TAMS 0x00000007b3a00000| PB 0x00000007b3a00000| Complete 
|1358|0x00000007b3c00000, 0x00000007b3e00000, 0x00000007b3e00000|100%| E|CS|TAMS 0x00000007b3c00000| PB 0x00000007b3c00000| Complete 
|1359|0x00000007b3e00000, 0x00000007b4000000, 0x00000007b4000000|100%| E|CS|TAMS 0x00000007b3e00000| PB 0x00000007b3e00000| Complete 
|1360|0x00000007b4000000, 0x00000007b4200000, 0x00000007b4200000|100%| E|CS|TAMS 0x00000007b4000000| PB 0x00000007b4000000| Complete 
|1361|0x00000007b4200000, 0x00000007b4400000, 0x00000007b4400000|100%| E|CS|TAMS 0x00000007b4200000| PB 0x00000007b4200000| Complete 
|1362|0x00000007b4400000, 0x00000007b4600000, 0x00000007b4600000|100%| E|CS|TAMS 0x00000007b4400000| PB 0x00000007b4400000| Complete 
|1363|0x00000007b4600000, 0x00000007b4800000, 0x00000007b4800000|100%| E|CS|TAMS 0x00000007b4600000| PB 0x00000007b4600000| Complete 
|1364|0x00000007b4800000, 0x00000007b4a00000, 0x00000007b4a00000|100%| E|CS|TAMS 0x00000007b4800000| PB 0x00000007b4800000| Complete 
|1365|0x00000007b4a00000, 0x00000007b4c00000, 0x00000007b4c00000|100%| E|CS|TAMS 0x00000007b4a00000| PB 0x00000007b4a00000| Complete 
|1366|0x00000007b4c00000, 0x00000007b4e00000, 0x00000007b4e00000|100%| E|CS|TAMS 0x00000007b4c00000| PB 0x00000007b4c00000| Complete 
|1367|0x00000007b4e00000, 0x00000007b5000000, 0x00000007b5000000|100%| E|CS|TAMS 0x00000007b4e00000| PB 0x00000007b4e00000| Complete 
|1368|0x00000007b5000000, 0x00000007b5200000, 0x00000007b5200000|100%| E|CS|TAMS 0x00000007b5000000| PB 0x00000007b5000000| Complete 
|1369|0x00000007b5200000, 0x00000007b5400000, 0x00000007b5400000|100%| E|CS|TAMS 0x00000007b5200000| PB 0x00000007b5200000| Complete 
|1370|0x00000007b5400000, 0x00000007b5600000, 0x00000007b5600000|100%| E|CS|TAMS 0x00000007b5400000| PB 0x00000007b5400000| Complete 
|1371|0x00000007b5600000, 0x00000007b5800000, 0x00000007b5800000|100%| E|CS|TAMS 0x00000007b5600000| PB 0x00000007b5600000| Complete 
|1372|0x00000007b5800000, 0x00000007b5a00000, 0x00000007b5a00000|100%| E|CS|TAMS 0x00000007b5800000| PB 0x00000007b5800000| Complete 
|1373|0x00000007b5a00000, 0x00000007b5c00000, 0x00000007b5c00000|100%| E|CS|TAMS 0x00000007b5a00000| PB 0x00000007b5a00000| Complete 
|1374|0x00000007b5c00000, 0x00000007b5e00000, 0x00000007b5e00000|100%| E|CS|TAMS 0x00000007b5c00000| PB 0x00000007b5c00000| Complete 
|1375|0x00000007b5e00000, 0x00000007b6000000, 0x00000007b6000000|100%| E|CS|TAMS 0x00000007b5e00000| PB 0x00000007b5e00000| Complete 
|1376|0x00000007b6000000, 0x00000007b6200000, 0x00000007b6200000|100%| E|CS|TAMS 0x00000007b6000000| PB 0x00000007b6000000| Complete 
|1377|0x00000007b6200000, 0x00000007b63457a0, 0x00000007b6400000| 63%| S|CS|TAMS 0x00000007b6200000| PB 0x00000007b6200000| Complete 
|1378|0x00000007b6400000, 0x00000007b6600000, 0x00000007b6600000|100%| S|CS|TAMS 0x00000007b6400000| PB 0x00000007b6400000| Complete 
|1379|0x00000007b6600000, 0x00000007b6800000, 0x00000007b6800000|100%| S|CS|TAMS 0x00000007b6600000| PB 0x00000007b6600000| Complete 
|1380|0x00000007b6800000, 0x00000007b6a00000, 0x00000007b6a00000|100%| S|CS|TAMS 0x00000007b6800000| PB 0x00000007b6800000| Complete 
|1381|0x00000007b6a00000, 0x00000007b6c00000, 0x00000007b6c00000|100%| S|CS|TAMS 0x00000007b6a00000| PB 0x00000007b6a00000| Complete 
|1382|0x00000007b6c00000, 0x00000007b6e00000, 0x00000007b6e00000|100%| S|CS|TAMS 0x00000007b6c00000| PB 0x00000007b6c00000| Complete 
|1383|0x00000007b6e00000, 0x00000007b7000000, 0x00000007b7000000|100%| S|CS|TAMS 0x00000007b6e00000| PB 0x00000007b6e00000| Complete 
|1384|0x00000007b7000000, 0x00000007b7200000, 0x00000007b7200000|100%| S|CS|TAMS 0x00000007b7000000| PB 0x00000007b7000000| Complete 
|1385|0x00000007b7200000, 0x00000007b7400000, 0x00000007b7400000|100%| S|CS|TAMS 0x00000007b7200000| PB 0x00000007b7200000| Complete 
|1386|0x00000007b7400000, 0x00000007b7600000, 0x00000007b7600000|100%| S|CS|TAMS 0x00000007b7400000| PB 0x00000007b7400000| Complete 
|1387|0x00000007b7600000, 0x00000007b7800000, 0x00000007b7800000|100%| S|CS|TAMS 0x00000007b7600000| PB 0x00000007b7600000| Complete 
|1388|0x00000007b7800000, 0x00000007b7a00000, 0x00000007b7a00000|100%| S|CS|TAMS 0x00000007b7800000| PB 0x00000007b7800000| Complete 
|1389|0x00000007b7a00000, 0x00000007b7c00000, 0x00000007b7c00000|100%| S|CS|TAMS 0x00000007b7a00000| PB 0x00000007b7a00000| Complete 
|1390|0x00000007b7c00000, 0x00000007b7e00000, 0x00000007b7e00000|100%| S|CS|TAMS 0x00000007b7c00000| PB 0x00000007b7c00000| Complete 
|1391|0x00000007b7e00000, 0x00000007b8000000, 0x00000007b8000000|100%| S|CS|TAMS 0x00000007b7e00000| PB 0x00000007b7e00000| Complete 
|1392|0x00000007b8000000, 0x00000007b8200000, 0x00000007b8200000|100%| S|CS|TAMS 0x00000007b8000000| PB 0x00000007b8000000| Complete 
|1393|0x00000007b8200000, 0x00000007b8400000, 0x00000007b8400000|100%| S|CS|TAMS 0x00000007b8200000| PB 0x00000007b8200000| Complete 
|1394|0x00000007b8400000, 0x00000007b8600000, 0x00000007b8600000|100%| S|CS|TAMS 0x00000007b8400000| PB 0x00000007b8400000| Complete 
|1395|0x00000007b8600000, 0x00000007b8800000, 0x00000007b8800000|100%| E|CS|TAMS 0x00000007b8600000| PB 0x00000007b8600000| Complete 
|1396|0x00000007b8800000, 0x00000007b8a00000, 0x00000007b8a00000|100%| E|CS|TAMS 0x00000007b8800000| PB 0x00000007b8800000| Complete 
|1397|0x00000007b8a00000, 0x00000007b8c00000, 0x00000007b8c00000|100%| E|CS|TAMS 0x00000007b8a00000| PB 0x00000007b8a00000| Complete 
|1398|0x00000007b8c00000, 0x00000007b8e00000, 0x00000007b8e00000|100%| E|CS|TAMS 0x00000007b8c00000| PB 0x00000007b8c00000| Complete 
|1399|0x00000007b8e00000, 0x00000007b9000000, 0x00000007b9000000|100%| E|CS|TAMS 0x00000007b8e00000| PB 0x00000007b8e00000| Complete 
|1400|0x00000007b9000000, 0x00000007b9200000, 0x00000007b9200000|100%| E|CS|TAMS 0x00000007b9000000| PB 0x00000007b9000000| Complete 
|1401|0x00000007b9200000, 0x00000007b9400000, 0x00000007b9400000|100%| E|CS|TAMS 0x00000007b9200000| PB 0x00000007b9200000| Complete 
|1402|0x00000007b9400000, 0x00000007b9600000, 0x00000007b9600000|100%| E|CS|TAMS 0x00000007b9400000| PB 0x00000007b9400000| Complete 
|1403|0x00000007b9600000, 0x00000007b9800000, 0x00000007b9800000|100%| E|CS|TAMS 0x00000007b9600000| PB 0x00000007b9600000| Complete 
|1404|0x00000007b9800000, 0x00000007b9a00000, 0x00000007b9a00000|100%| E|CS|TAMS 0x00000007b9800000| PB 0x00000007b9800000| Complete 
|1405|0x00000007b9a00000, 0x00000007b9c00000, 0x00000007b9c00000|100%| E|CS|TAMS 0x00000007b9a00000| PB 0x00000007b9a00000| Complete 
|1406|0x00000007b9c00000, 0x00000007b9e00000, 0x00000007b9e00000|100%| E|CS|TAMS 0x00000007b9c00000| PB 0x00000007b9c00000| Complete 
|1407|0x00000007b9e00000, 0x00000007ba000000, 0x00000007ba000000|100%| E|CS|TAMS 0x00000007b9e00000| PB 0x00000007b9e00000| Complete 
|1408|0x00000007ba000000, 0x00000007ba200000, 0x00000007ba200000|100%| E|CS|TAMS 0x00000007ba000000| PB 0x00000007ba000000| Complete 
|1409|0x00000007ba200000, 0x00000007ba400000, 0x00000007ba400000|100%| E|CS|TAMS 0x00000007ba200000| PB 0x00000007ba200000| Complete 
|1410|0x00000007ba400000, 0x00000007ba600000, 0x00000007ba600000|100%| E|CS|TAMS 0x00000007ba400000| PB 0x00000007ba400000| Complete 
|1411|0x00000007ba600000, 0x00000007ba800000, 0x00000007ba800000|100%| E|CS|TAMS 0x00000007ba600000| PB 0x00000007ba600000| Complete 
|1412|0x00000007ba800000, 0x00000007baa00000, 0x00000007baa00000|100%| E|CS|TAMS 0x00000007ba800000| PB 0x00000007ba800000| Complete 
|1413|0x00000007baa00000, 0x00000007bac00000, 0x00000007bac00000|100%| E|CS|TAMS 0x00000007baa00000| PB 0x00000007baa00000| Complete 
|1414|0x00000007bac00000, 0x00000007bae00000, 0x00000007bae00000|100%| E|CS|TAMS 0x00000007bac00000| PB 0x00000007bac00000| Complete 
|1415|0x00000007bae00000, 0x00000007bb000000, 0x00000007bb000000|100%| E|CS|TAMS 0x00000007bae00000| PB 0x00000007bae00000| Complete 
|1416|0x00000007bb000000, 0x00000007bb200000, 0x00000007bb200000|100%| E|CS|TAMS 0x00000007bb000000| PB 0x00000007bb000000| Complete 
|1417|0x00000007bb200000, 0x00000007bb400000, 0x00000007bb400000|100%| E|CS|TAMS 0x00000007bb200000| PB 0x00000007bb200000| Complete 
|1418|0x00000007bb400000, 0x00000007bb600000, 0x00000007bb600000|100%| E|CS|TAMS 0x00000007bb400000| PB 0x00000007bb400000| Complete 
|1419|0x00000007bb600000, 0x00000007bb800000, 0x00000007bb800000|100%| E|CS|TAMS 0x00000007bb600000| PB 0x00000007bb600000| Complete 
|1420|0x00000007bb800000, 0x00000007bba00000, 0x00000007bba00000|100%| E|CS|TAMS 0x00000007bb800000| PB 0x00000007bb800000| Complete 
|1421|0x00000007bba00000, 0x00000007bbc00000, 0x00000007bbc00000|100%| E|CS|TAMS 0x00000007bba00000| PB 0x00000007bba00000| Complete 
|1422|0x00000007bbc00000, 0x00000007bbe00000, 0x00000007bbe00000|100%| E|CS|TAMS 0x00000007bbc00000| PB 0x00000007bbc00000| Complete 
|1423|0x00000007bbe00000, 0x00000007bc000000, 0x00000007bc000000|100%| E|CS|TAMS 0x00000007bbe00000| PB 0x00000007bbe00000| Complete 
|1424|0x00000007bc000000, 0x00000007bc200000, 0x00000007bc200000|100%| E|CS|TAMS 0x00000007bc000000| PB 0x00000007bc000000| Complete 
|1425|0x00000007bc200000, 0x00000007bc400000, 0x00000007bc400000|100%| E|CS|TAMS 0x00000007bc200000| PB 0x00000007bc200000| Complete 
|1426|0x00000007bc400000, 0x00000007bc600000, 0x00000007bc600000|100%| E|CS|TAMS 0x00000007bc400000| PB 0x00000007bc400000| Complete 
|1427|0x00000007bc600000, 0x00000007bc800000, 0x00000007bc800000|100%| E|CS|TAMS 0x00000007bc600000| PB 0x00000007bc600000| Complete 
|1428|0x00000007bc800000, 0x00000007bca00000, 0x00000007bca00000|100%| E|CS|TAMS 0x00000007bc800000| PB 0x00000007bc800000| Complete 
|1429|0x00000007bca00000, 0x00000007bcc00000, 0x00000007bcc00000|100%| E|CS|TAMS 0x00000007bca00000| PB 0x00000007bca00000| Complete 
|1430|0x00000007bcc00000, 0x00000007bce00000, 0x00000007bce00000|100%| E|CS|TAMS 0x00000007bcc00000| PB 0x00000007bcc00000| Complete 
|1431|0x00000007bce00000, 0x00000007bd000000, 0x00000007bd000000|100%| E|CS|TAMS 0x00000007bce00000| PB 0x00000007bce00000| Complete 
|1432|0x00000007bd000000, 0x00000007bd200000, 0x00000007bd200000|100%| E|CS|TAMS 0x00000007bd000000| PB 0x00000007bd000000| Complete 
|1433|0x00000007bd200000, 0x00000007bd400000, 0x00000007bd400000|100%| E|CS|TAMS 0x00000007bd200000| PB 0x00000007bd200000| Complete 
|1434|0x00000007bd400000, 0x00000007bd600000, 0x00000007bd600000|100%| E|CS|TAMS 0x00000007bd400000| PB 0x00000007bd400000| Complete 
|1435|0x00000007bd600000, 0x00000007bd800000, 0x00000007bd800000|100%| E|CS|TAMS 0x00000007bd600000| PB 0x00000007bd600000| Complete 
|1436|0x00000007bd800000, 0x00000007bda00000, 0x00000007bda00000|100%| E|CS|TAMS 0x00000007bd800000| PB 0x00000007bd800000| Complete 
|1437|0x00000007bda00000, 0x00000007bdc00000, 0x00000007bdc00000|100%| E|CS|TAMS 0x00000007bda00000| PB 0x00000007bda00000| Complete 
|1438|0x00000007bdc00000, 0x00000007bde00000, 0x00000007bde00000|100%| E|CS|TAMS 0x00000007bdc00000| PB 0x00000007bdc00000| Complete 
|1439|0x00000007bde00000, 0x00000007be000000, 0x00000007be000000|100%| E|CS|TAMS 0x00000007bde00000| PB 0x00000007bde00000| Complete 
|1440|0x00000007be000000, 0x00000007be200000, 0x00000007be200000|100%| E|CS|TAMS 0x00000007be000000| PB 0x00000007be000000| Complete 
|1441|0x00000007be200000, 0x00000007be400000, 0x00000007be400000|100%| E|CS|TAMS 0x00000007be200000| PB 0x00000007be200000| Complete 
|1442|0x00000007be400000, 0x00000007be600000, 0x00000007be600000|100%| E|CS|TAMS 0x00000007be400000| PB 0x00000007be400000| Complete 
|1443|0x00000007be600000, 0x00000007be800000, 0x00000007be800000|100%| E|CS|TAMS 0x00000007be600000| PB 0x00000007be600000| Complete 
|1444|0x00000007be800000, 0x00000007bea00000, 0x00000007bea00000|100%| E|CS|TAMS 0x00000007be800000| PB 0x00000007be800000| Complete 
|1445|0x00000007bea00000, 0x00000007bec00000, 0x00000007bec00000|100%| E|CS|TAMS 0x00000007bea00000| PB 0x00000007bea00000| Complete 
|1446|0x00000007bec00000, 0x00000007bee00000, 0x00000007bee00000|100%| E|CS|TAMS 0x00000007bec00000| PB 0x00000007bec00000| Complete 
|1447|0x00000007bee00000, 0x00000007bf000000, 0x00000007bf000000|100%| E|CS|TAMS 0x00000007bee00000| PB 0x00000007bee00000| Complete 
|1448|0x00000007bf000000, 0x00000007bf200000, 0x00000007bf200000|100%| E|CS|TAMS 0x00000007bf000000| PB 0x00000007bf000000| Complete 
|1449|0x00000007bf200000, 0x00000007bf400000, 0x00000007bf400000|100%| E|CS|TAMS 0x00000007bf200000| PB 0x00000007bf200000| Complete 
|1450|0x00000007bf400000, 0x00000007bf600000, 0x00000007bf600000|100%| E|CS|TAMS 0x00000007bf400000| PB 0x00000007bf400000| Complete 
|1451|0x00000007bf600000, 0x00000007bf800000, 0x00000007bf800000|100%| E|CS|TAMS 0x00000007bf600000| PB 0x00000007bf600000| Complete 
|1452|0x00000007bf800000, 0x00000007bfa00000, 0x00000007bfa00000|100%| E|CS|TAMS 0x00000007bf800000| PB 0x00000007bf800000| Complete 
|1453|0x00000007bfa00000, 0x00000007bfc00000, 0x00000007bfc00000|100%| E|CS|TAMS 0x00000007bfa00000| PB 0x00000007bfa00000| Complete 
|1454|0x00000007bfc00000, 0x00000007bfe00000, 0x00000007bfe00000|100%| E|CS|TAMS 0x00000007bfc00000| PB 0x00000007bfc00000| Complete 
|1455|0x00000007bfe00000, 0x00000007c0000000, 0x00000007c0000000|100%| E|CS|TAMS 0x00000007bfe00000| PB 0x00000007bfe00000| Complete 
|1456|0x00000007c0000000, 0x00000007c0200000, 0x00000007c0200000|100%| E|CS|TAMS 0x00000007c0000000| PB 0x00000007c0000000| Complete 
|1457|0x00000007c0200000, 0x00000007c0400000, 0x00000007c0400000|100%| E|CS|TAMS 0x00000007c0200000| PB 0x00000007c0200000| Complete 
|1458|0x00000007c0400000, 0x00000007c0600000, 0x00000007c0600000|100%| E|CS|TAMS 0x00000007c0400000| PB 0x00000007c0400000| Complete 
|1459|0x00000007c0600000, 0x00000007c0800000, 0x00000007c0800000|100%| E|CS|TAMS 0x00000007c0600000| PB 0x00000007c0600000| Complete 
|1460|0x00000007c0800000, 0x00000007c0a00000, 0x00000007c0a00000|100%| E|CS|TAMS 0x00000007c0800000| PB 0x00000007c0800000| Complete 
|1461|0x00000007c0a00000, 0x00000007c0c00000, 0x00000007c0c00000|100%| E|CS|TAMS 0x00000007c0a00000| PB 0x00000007c0a00000| Complete 
|1462|0x00000007c0c00000, 0x00000007c0e00000, 0x00000007c0e00000|100%| E|CS|TAMS 0x00000007c0c00000| PB 0x00000007c0c00000| Complete 
|1463|0x00000007c0e00000, 0x00000007c1000000, 0x00000007c1000000|100%| E|CS|TAMS 0x00000007c0e00000| PB 0x00000007c0e00000| Complete 
|1464|0x00000007c1000000, 0x00000007c1200000, 0x00000007c1200000|100%| E|CS|TAMS 0x00000007c1000000| PB 0x00000007c1000000| Complete 
|1465|0x00000007c1200000, 0x00000007c1400000, 0x00000007c1400000|100%| E|CS|TAMS 0x00000007c1200000| PB 0x00000007c1200000| Complete 
|1466|0x00000007c1400000, 0x00000007c1600000, 0x00000007c1600000|100%| E|CS|TAMS 0x00000007c1400000| PB 0x00000007c1400000| Complete 
|1467|0x00000007c1600000, 0x00000007c1800000, 0x00000007c1800000|100%| E|CS|TAMS 0x00000007c1600000| PB 0x00000007c1600000| Complete 
|1468|0x00000007c1800000, 0x00000007c1a00000, 0x00000007c1a00000|100%| E|CS|TAMS 0x00000007c1800000| PB 0x00000007c1800000| Complete 
|1469|0x00000007c1a00000, 0x00000007c1c00000, 0x00000007c1c00000|100%| E|CS|TAMS 0x00000007c1a00000| PB 0x00000007c1a00000| Complete 
|1470|0x00000007c1c00000, 0x00000007c1e00000, 0x00000007c1e00000|100%| E|CS|TAMS 0x00000007c1c00000| PB 0x00000007c1c00000| Complete 
|1471|0x00000007c1e00000, 0x00000007c2000000, 0x00000007c2000000|100%| E|CS|TAMS 0x00000007c1e00000| PB 0x00000007c1e00000| Complete 
|1472|0x00000007c2000000, 0x00000007c2200000, 0x00000007c2200000|100%| E|CS|TAMS 0x00000007c2000000| PB 0x00000007c2000000| Complete 
|1473|0x00000007c2200000, 0x00000007c2400000, 0x00000007c2400000|100%| E|CS|TAMS 0x00000007c2200000| PB 0x00000007c2200000| Complete 
|1474|0x00000007c2400000, 0x00000007c2600000, 0x00000007c2600000|100%| E|CS|TAMS 0x00000007c2400000| PB 0x00000007c2400000| Complete 
|1475|0x00000007c2600000, 0x00000007c2800000, 0x00000007c2800000|100%| E|CS|TAMS 0x00000007c2600000| PB 0x00000007c2600000| Complete 
|1476|0x00000007c2800000, 0x00000007c2a00000, 0x00000007c2a00000|100%| E|CS|TAMS 0x00000007c2800000| PB 0x00000007c2800000| Complete 
|1477|0x00000007c2a00000, 0x00000007c2c00000, 0x00000007c2c00000|100%| E|CS|TAMS 0x00000007c2a00000| PB 0x00000007c2a00000| Complete 
|1478|0x00000007c2c00000, 0x00000007c2e00000, 0x00000007c2e00000|100%| E|CS|TAMS 0x00000007c2c00000| PB 0x00000007c2c00000| Complete 
|1479|0x00000007c2e00000, 0x00000007c3000000, 0x00000007c3000000|100%| E|CS|TAMS 0x00000007c2e00000| PB 0x00000007c2e00000| Complete 
|1480|0x00000007c3000000, 0x00000007c3200000, 0x00000007c3200000|100%| E|CS|TAMS 0x00000007c3000000| PB 0x00000007c3000000| Complete 
|1481|0x00000007c3200000, 0x00000007c3400000, 0x00000007c3400000|100%| E|CS|TAMS 0x00000007c3200000| PB 0x00000007c3200000| Complete 
|1482|0x00000007c3400000, 0x00000007c3600000, 0x00000007c3600000|100%| E|CS|TAMS 0x00000007c3400000| PB 0x00000007c3400000| Complete 
|1483|0x00000007c3600000, 0x00000007c3800000, 0x00000007c3800000|100%| E|CS|TAMS 0x00000007c3600000| PB 0x00000007c3600000| Complete 
|1484|0x00000007c3800000, 0x00000007c3a00000, 0x00000007c3a00000|100%| E|CS|TAMS 0x00000007c3800000| PB 0x00000007c3800000| Complete 
|1485|0x00000007c3a00000, 0x00000007c3c00000, 0x00000007c3c00000|100%| E|CS|TAMS 0x00000007c3a00000| PB 0x00000007c3a00000| Complete 
|1486|0x00000007c3c00000, 0x00000007c3e00000, 0x00000007c3e00000|100%| E|CS|TAMS 0x00000007c3c00000| PB 0x00000007c3c00000| Complete 
|1487|0x00000007c3e00000, 0x00000007c4000000, 0x00000007c4000000|100%| E|CS|TAMS 0x00000007c3e00000| PB 0x00000007c3e00000| Complete 
|1488|0x00000007c4000000, 0x00000007c4200000, 0x00000007c4200000|100%| E|CS|TAMS 0x00000007c4000000| PB 0x00000007c4000000| Complete 
|1489|0x00000007c4200000, 0x00000007c4400000, 0x00000007c4400000|100%| E|CS|TAMS 0x00000007c4200000| PB 0x00000007c4200000| Complete 
|1490|0x00000007c4400000, 0x00000007c4600000, 0x00000007c4600000|100%| E|CS|TAMS 0x00000007c4400000| PB 0x00000007c4400000| Complete 
|1491|0x00000007c4600000, 0x00000007c4800000, 0x00000007c4800000|100%| E|CS|TAMS 0x00000007c4600000| PB 0x00000007c4600000| Complete 
|1492|0x00000007c4800000, 0x00000007c4a00000, 0x00000007c4a00000|100%| E|CS|TAMS 0x00000007c4800000| PB 0x00000007c4800000| Complete 
|1493|0x00000007c4a00000, 0x00000007c4c00000, 0x00000007c4c00000|100%| E|CS|TAMS 0x00000007c4a00000| PB 0x00000007c4a00000| Complete 
|1494|0x00000007c4c00000, 0x00000007c4e00000, 0x00000007c4e00000|100%| E|CS|TAMS 0x00000007c4c00000| PB 0x00000007c4c00000| Complete 
|1495|0x00000007c4e00000, 0x00000007c5000000, 0x00000007c5000000|100%| E|CS|TAMS 0x00000007c4e00000| PB 0x00000007c4e00000| Complete 
|1496|0x00000007c5000000, 0x00000007c5200000, 0x00000007c5200000|100%| E|CS|TAMS 0x00000007c5000000| PB 0x00000007c5000000| Complete 
|1497|0x00000007c5200000, 0x00000007c5400000, 0x00000007c5400000|100%| E|CS|TAMS 0x00000007c5200000| PB 0x00000007c5200000| Complete 
|1498|0x00000007c5400000, 0x00000007c5600000, 0x00000007c5600000|100%| E|CS|TAMS 0x00000007c5400000| PB 0x00000007c5400000| Complete 
|1499|0x00000007c5600000, 0x00000007c5800000, 0x00000007c5800000|100%| E|CS|TAMS 0x00000007c5600000| PB 0x00000007c5600000| Complete 
|1500|0x00000007c5800000, 0x00000007c5a00000, 0x00000007c5a00000|100%| E|CS|TAMS 0x00000007c5800000| PB 0x00000007c5800000| Complete 
|1501|0x00000007c5a00000, 0x00000007c5c00000, 0x00000007c5c00000|100%| E|CS|TAMS 0x00000007c5a00000| PB 0x00000007c5a00000| Complete 
|1502|0x00000007c5c00000, 0x00000007c5e00000, 0x00000007c5e00000|100%| E|CS|TAMS 0x00000007c5c00000| PB 0x00000007c5c00000| Complete 
|1503|0x00000007c5e00000, 0x00000007c6000000, 0x00000007c6000000|100%| E|CS|TAMS 0x00000007c5e00000| PB 0x00000007c5e00000| Complete 
|1504|0x00000007c6000000, 0x00000007c6200000, 0x00000007c6200000|100%| E|CS|TAMS 0x00000007c6000000| PB 0x00000007c6000000| Complete 
|1505|0x00000007c6200000, 0x00000007c6400000, 0x00000007c6400000|100%| E|CS|TAMS 0x00000007c6200000| PB 0x00000007c6200000| Complete 
|1506|0x00000007c6400000, 0x00000007c6600000, 0x00000007c6600000|100%| E|CS|TAMS 0x00000007c6400000| PB 0x00000007c6400000| Complete 
|1507|0x00000007c6600000, 0x00000007c6800000, 0x00000007c6800000|100%| E|CS|TAMS 0x00000007c6600000| PB 0x00000007c6600000| Complete 
|1508|0x00000007c6800000, 0x00000007c6a00000, 0x00000007c6a00000|100%| E|CS|TAMS 0x00000007c6800000| PB 0x00000007c6800000| Complete 
|1509|0x00000007c6a00000, 0x00000007c6c00000, 0x00000007c6c00000|100%| E|CS|TAMS 0x00000007c6a00000| PB 0x00000007c6a00000| Complete 
|1510|0x00000007c6c00000, 0x00000007c6e00000, 0x00000007c6e00000|100%| E|CS|TAMS 0x00000007c6c00000| PB 0x00000007c6c00000| Complete 
|1511|0x00000007c6e00000, 0x00000007c7000000, 0x00000007c7000000|100%| E|CS|TAMS 0x00000007c6e00000| PB 0x00000007c6e00000| Complete 
|1512|0x00000007c7000000, 0x00000007c7200000, 0x00000007c7200000|100%| E|CS|TAMS 0x00000007c7000000| PB 0x00000007c7000000| Complete 
|1513|0x00000007c7200000, 0x00000007c7400000, 0x00000007c7400000|100%| E|CS|TAMS 0x00000007c7200000| PB 0x00000007c7200000| Complete 
|1514|0x00000007c7400000, 0x00000007c7600000, 0x00000007c7600000|100%| E|CS|TAMS 0x00000007c7400000| PB 0x00000007c7400000| Complete 
|1515|0x00000007c7600000, 0x00000007c7800000, 0x00000007c7800000|100%| E|CS|TAMS 0x00000007c7600000| PB 0x00000007c7600000| Complete 
|1516|0x00000007c7800000, 0x00000007c7a00000, 0x00000007c7a00000|100%| E|CS|TAMS 0x00000007c7800000| PB 0x00000007c7800000| Complete 
|1517|0x00000007c7a00000, 0x00000007c7c00000, 0x00000007c7c00000|100%| E|CS|TAMS 0x00000007c7a00000| PB 0x00000007c7a00000| Complete 
|1518|0x00000007c7c00000, 0x00000007c7e00000, 0x00000007c7e00000|100%| E|CS|TAMS 0x00000007c7c00000| PB 0x00000007c7c00000| Complete 
|1519|0x00000007c7e00000, 0x00000007c8000000, 0x00000007c8000000|100%| E|CS|TAMS 0x00000007c7e00000| PB 0x00000007c7e00000| Complete 
|1520|0x00000007c8000000, 0x00000007c8200000, 0x00000007c8200000|100%| E|CS|TAMS 0x00000007c8000000| PB 0x00000007c8000000| Complete 
|1521|0x00000007c8200000, 0x00000007c8400000, 0x00000007c8400000|100%| E|CS|TAMS 0x00000007c8200000| PB 0x00000007c8200000| Complete 
|1522|0x00000007c8400000, 0x00000007c8600000, 0x00000007c8600000|100%| E|CS|TAMS 0x00000007c8400000| PB 0x00000007c8400000| Complete 
|1523|0x00000007c8600000, 0x00000007c8800000, 0x00000007c8800000|100%| E|CS|TAMS 0x00000007c8600000| PB 0x00000007c8600000| Complete 
|1524|0x00000007c8800000, 0x00000007c8a00000, 0x00000007c8a00000|100%| E|CS|TAMS 0x00000007c8800000| PB 0x00000007c8800000| Complete 
|1933|0x00000007fba00000, 0x00000007fbc00000, 0x00000007fbc00000|100%| E|CS|TAMS 0x00000007fba00000| PB 0x00000007fba00000| Complete 
|1934|0x00000007fbc00000, 0x00000007fbe00000, 0x00000007fbe00000|100%| O|  |TAMS 0x00000007fbe00000| PB 0x00000007fbe00000| Updating 
|1935|0x00000007fbe00000, 0x00000007fc000000, 0x00000007fc000000|100%| O|  |TAMS 0x00000007fc000000| PB 0x00000007fc000000| Untracked 
|1936|0x00000007fc000000, 0x00000007fc200000, 0x00000007fc200000|100%| O|  |TAMS 0x00000007fc200000| PB 0x00000007fc200000| Untracked 
|1937|0x00000007fc200000, 0x00000007fc400000, 0x00000007fc400000|100%| O|  |TAMS 0x00000007fc400000| PB 0x00000007fc400000| Untracked 
|1938|0x00000007fc400000, 0x00000007fc600000, 0x00000007fc600000|100%| O|  |TAMS 0x00000007fc600000| PB 0x00000007fc600000| Untracked 
|1939|0x00000007fc600000, 0x00000007fc800000, 0x00000007fc800000|100%| O|  |TAMS 0x00000007fc800000| PB 0x00000007fc800000| Untracked 
|1940|0x00000007fc800000, 0x00000007fca00000, 0x00000007fca00000|100%| O|  |TAMS 0x00000007fca00000| PB 0x00000007fca00000| Untracked 
|1941|0x00000007fca00000, 0x00000007fcc00000, 0x00000007fcc00000|100%| O|  |TAMS 0x00000007fcc00000| PB 0x00000007fcc00000| Untracked 
|1942|0x00000007fcc00000, 0x00000007fce00000, 0x00000007fce00000|100%| O|  |TAMS 0x00000007fce00000| PB 0x00000007fce00000| Untracked 
|1943|0x00000007fce00000, 0x00000007fd000000, 0x00000007fd000000|100%| O|  |TAMS 0x00000007fd000000| PB 0x00000007fd000000| Untracked 
|1944|0x00000007fd000000, 0x00000007fd200000, 0x00000007fd200000|100%| O|  |TAMS 0x00000007fd200000| PB 0x00000007fd200000| Untracked 
|1945|0x00000007fd200000, 0x00000007fd400000, 0x00000007fd400000|100%| O|  |TAMS 0x00000007fd400000| PB 0x00000007fd400000| Untracked 
|1946|0x00000007fd400000, 0x00000007fd600000, 0x00000007fd600000|100%| O|  |TAMS 0x00000007fd600000| PB 0x00000007fd600000| Untracked 
|1947|0x00000007fd600000, 0x00000007fd800000, 0x00000007fd800000|100%| O|  |TAMS 0x00000007fd800000| PB 0x00000007fd800000| Untracked 
|1948|0x00000007fd800000, 0x00000007fda00000, 0x00000007fda00000|100%| O|  |TAMS 0x00000007fda00000| PB 0x00000007fda00000| Untracked 
|1949|0x00000007fda00000, 0x00000007fdc00000, 0x00000007fdc00000|100%| O|  |TAMS 0x00000007fdc00000| PB 0x00000007fdc00000| Untracked 
|1950|0x00000007fdc00000, 0x00000007fde00000, 0x00000007fde00000|100%| O|  |TAMS 0x00000007fde00000| PB 0x00000007fde00000| Untracked 
|1951|0x00000007fde00000, 0x00000007fe000000, 0x00000007fe000000|100%| O|  |TAMS 0x00000007fe000000| PB 0x00000007fe000000| Untracked 
|1952|0x00000007fe000000, 0x00000007fe200000, 0x00000007fe200000|100%| O|  |TAMS 0x00000007fe200000| PB 0x00000007fe200000| Untracked 
|1953|0x00000007fe200000, 0x00000007fe400000, 0x00000007fe400000|100%| O|  |TAMS 0x00000007fe400000| PB 0x00000007fe400000| Untracked 
|1954|0x00000007fe400000, 0x00000007fe600000, 0x00000007fe600000|100%| O|  |TAMS 0x00000007fe600000| PB 0x00000007fe600000| Untracked 
|1955|0x00000007fe600000, 0x00000007fe800000, 0x00000007fe800000|100%| O|  |TAMS 0x00000007fe800000| PB 0x00000007fe800000| Untracked 
|1956|0x00000007fe800000, 0x00000007fea00000, 0x00000007fea00000|100%| O|  |TAMS 0x00000007fea00000| PB 0x00000007fea00000| Untracked 
|1957|0x00000007fea00000, 0x00000007fec00000, 0x00000007fec00000|100%| O|  |TAMS 0x00000007fec00000| PB 0x00000007fec00000| Untracked 
|1958|0x00000007fec00000, 0x00000007fee00000, 0x00000007fee00000|100%| O|  |TAMS 0x00000007fee00000| PB 0x00000007fee00000| Untracked 
|1959|0x00000007fee00000, 0x00000007ff000000, 0x00000007ff000000|100%| O|  |TAMS 0x00000007ff000000| PB 0x00000007ff000000| Untracked 
|1960|0x00000007ff000000, 0x00000007ff200000, 0x00000007ff200000|100%| O|  |TAMS 0x00000007ff200000| PB 0x00000007ff200000| Untracked 
|1961|0x00000007ff200000, 0x00000007ff400000, 0x00000007ff400000|100%| O|  |TAMS 0x00000007ff400000| PB 0x00000007ff400000| Untracked 
|1962|0x00000007ff400000, 0x00000007ff600000, 0x00000007ff600000|100%| O|  |TAMS 0x00000007ff600000| PB 0x00000007ff600000| Untracked 
|1963|0x00000007ff600000, 0x00000007ff800000, 0x00000007ff800000|100%| O|  |TAMS 0x00000007ff800000| PB 0x00000007ff800000| Untracked 
|1964|0x00000007ff800000, 0x00000007ffa00000, 0x00000007ffa00000|100%| O|  |TAMS 0x00000007ffa00000| PB 0x00000007ffa00000| Untracked 
|1965|0x00000007ffa00000, 0x00000007ffc00000, 0x00000007ffc00000|100%| O|  |TAMS 0x00000007ffc00000| PB 0x00000007ffc00000| Untracked 
|1966|0x00000007ffc00000, 0x00000007ffe00000, 0x00000007ffe00000|100%| O|  |TAMS 0x00000007ffe00000| PB 0x00000007ffe00000| Untracked 
|1967|0x00000007ffe00000, 0x0000000800000000, 0x0000000800000000|100%| O|  |TAMS 0x0000000800000000| PB 0x0000000800000000| Untracked 

Card table byte_map: [0x0000017158ef0000,0x00000171596a0000] _byte_map_base: 0x00000171556a0000

Marking Bits: (CMBitMap*) 0x0000017140db06b0
 Bits: [0x00000171596a0000, 0x000001715d420000)

Polling page: 0x000001713eea0000

Metaspace:

Usage:
  Non-class:     28.27 MB used.
      Class:      3.62 MB used.
       Both:     31.90 MB used.

Virtual space:
  Non-class space:       64.00 MB reserved,      28.50 MB ( 45%) committed,  1 nodes.
      Class space:        1.00 GB reserved,       3.81 MB ( <1%) committed,  1 nodes.
             Both:        1.06 GB reserved,      32.31 MB (  3%) committed. 

Chunk freelists:
   Non-Class:  2.59 MB
       Class:  12.24 MB
        Both:  14.84 MB

MaxMetaspaceSize: unlimited
CompressedClassSpaceSize: 1.00 GB
Initial GC threshold: 21.00 MB
Current GC threshold: 52.12 MB
CDS: on
 - commit_granule_bytes: 65536.
 - commit_granule_words: 8192.
 - virtual_space_node_default_size: 8388608.
 - enlarge_chunks_in_place: 1.
 - use_allocation_guard: 0.


Internal statistics:

num_allocs_failed_limit: 3.
num_arena_births: 494.
num_arena_deaths: 0.
num_vsnodes_births: 2.
num_vsnodes_deaths: 0.
num_space_committed: 517.
num_space_uncommitted: 0.
num_chunks_returned_to_freelist: 3.
num_chunks_taken_from_freelist: 1232.
num_chunk_merges: 0.
num_chunk_splits: 795.
num_chunks_enlarged: 521.
num_inconsistent_stats: 0.

CodeHeap 'non-profiled nmethods': size=120000Kb used=3418Kb max_used=3422Kb free=116581Kb
 bounds [0x0000017150cc0000, 0x0000017151020000, 0x00000171581f0000]
CodeHeap 'profiled nmethods': size=120000Kb used=7869Kb max_used=8203Kb free=112130Kb
 bounds [0x00000171491f0000, 0x0000017149a00000, 0x0000017150720000]
CodeHeap 'non-nmethods': size=5760Kb used=1770Kb max_used=1881Kb free=3990Kb
 bounds [0x0000017150720000, 0x0000017150990000, 0x0000017150cc0000]
 total_blobs=5021 nmethods=4230 adapters=695
 compilation: enabled
              stopped_count=0, restarted_count=0
 full_count=0

Compilation events (20 events):
Event: 339.366 Thread 0x000001716009e0f0 nmethod 4983 0x0000017151004d10 code [0x0000017151005100, 0x0000017151006ee0]
Event: 339.372 Thread 0x00000171600b1cd0 nmethod 5003 0x0000017151008010 code [0x00000171510082c0, 0x0000017151008f48]
Event: 339.391 Thread 0x00000171600b1cd0 5004       4       java.text.DigitList::set (346 bytes)
Event: 339.402 Thread 0x00000171600b1cd0 nmethod 5004 0x0000017151009c90 code [0x0000017151009ea0, 0x000001715100a9e0]
Event: 339.402 Thread 0x00000171600b1cd0 5005   !   4       java.math.BigDecimal::<init> (1023 bytes)
Event: 339.408 Thread 0x00000171600b1cd0 nmethod 5005 0x000001715100b190 code [0x000001715100b360, 0x000001715100b988]
Event: 339.410 Thread 0x00000171600b1cd0 5006       4       java.text.Format::format (24 bytes)
Event: 339.412 Thread 0x000001716009e0f0 5007       4       java.text.DecimalFormat::subformatNumber (1173 bytes)
Event: 339.413 Thread 0x00000171600b1600 5008       4       java.lang.StrictMath::floor (12 bytes)
Event: 339.414 Thread 0x00000171600b1600 nmethod 5008 0x000001715100bf10 code [0x000001715100c0c0, 0x000001715100c1d0]
Event: 339.414 Thread 0x00000171600b1600 5009       4       java.math.BigDecimal::layoutChars (655 bytes)
Event: 339.422 Thread 0x00000171600b1cd0 nmethod 5006 0x000001715100c290 code [0x000001715100c580, 0x000001715100d5a8]
Event: 339.422 Thread 0x00000171600b1cd0 5010       4       jdk.internal.math.DoubleToDecimal::toDecimalString (70 bytes)
Event: 339.432 Thread 0x000001716009e0f0 nmethod 5007 0x000001715100dc90 code [0x000001715100df60, 0x000001715100fe38]
Event: 339.432 Thread 0x000001716009e0f0 5011       4       jdk.internal.math.DoubleToDecimal::toDecimal (220 bytes)
Event: 339.438 Thread 0x00000171600b1cd0 nmethod 5010 0x0000017151011110 code [0x0000017151011340, 0x00000171510121a8]
Event: 339.443 Thread 0x000001716009e0f0 nmethod 5011 0x0000017151012a10 code [0x0000017151012c00, 0x0000017151013388]
Event: 339.458 Thread 0x00000171600b1600 nmethod 5009 0x0000017151013890 code [0x0000017151013bc0, 0x0000017151015b58]
Event: 339.801 Thread 0x00000171600b1600 5012  s    4       java.lang.StringBuffer::append (13 bytes)
Event: 339.804 Thread 0x00000171600b1600 nmethod 5012 0x0000017151017010 code [0x0000017151017200, 0x0000017151017800]

GC Heap History (20 events):
Event: 335.210 GC heap before
{Heap before GC invocations=23 (full 0):
 garbage-first heap   total 2437120K, used 1357649K [0x000000070a000000, 0x0000000800000000)
  region size 2048K, 59 young (120832K), 17 survivors (34816K)
 Metaspace       used 31626K, committed 32000K, reserved 1114112K
  class space    used 3617K, committed 3776K, reserved 1048576K
}
Event: 335.261 GC heap after
{Heap after GC invocations=24 (full 0):
 garbage-first heap   total 2437120K, used 1335121K [0x000000070a000000, 0x0000000800000000)
  region size 2048K, 8 young (16384K), 8 survivors (16384K)
 Metaspace       used 31626K, committed 32000K, reserved 1114112K
  class space    used 3617K, committed 3776K, reserved 1048576K
}
Event: 335.937 GC heap before
{Heap before GC invocations=25 (full 0):
 garbage-first heap   total 2523136K, used 1619793K [0x000000070a000000, 0x0000000800000000)
  region size 2048K, 147 young (301056K), 8 survivors (16384K)
 Metaspace       used 31626K, committed 32000K, reserved 1114112K
  class space    used 3617K, committed 3776K, reserved 1048576K
}
Event: 336.002 GC heap after
{Heap after GC invocations=26 (full 0):
 garbage-first heap   total 2523136K, used 1539921K [0x000000070a000000, 0x0000000800000000)
  region size 2048K, 19 young (38912K), 19 survivors (38912K)
 Metaspace       used 31626K, committed 32000K, reserved 1114112K
  class space    used 3617K, committed 3776K, reserved 1048576K
}
Event: 336.856 GC heap before
{Heap before GC invocations=26 (full 0):
 garbage-first heap   total 2523136K, used 1920849K [0x000000070a000000, 0x0000000800000000)
  region size 2048K, 206 young (421888K), 19 survivors (38912K)
 Metaspace       used 31697K, committed 32064K, reserved 1114112K
  class space    used 3620K, committed 3776K, reserved 1048576K
}
Event: 336.959 GC heap after
{Heap after GC invocations=27 (full 0):
 garbage-first heap   total 2523136K, used 1678161K [0x000000070a000000, 0x0000000800000000)
  region size 2048K, 26 young (53248K), 26 survivors (53248K)
 Metaspace       used 31697K, committed 32064K, reserved 1114112K
  class space    used 3620K, committed 3776K, reserved 1048576K
}
Event: 337.046 GC heap before
{Heap before GC invocations=27 (full 0):
 garbage-first heap   total 2523136K, used 1749841K [0x000000070a000000, 0x0000000800000000)
  region size 2048K, 61 young (124928K), 26 survivors (53248K)
 Metaspace       used 31699K, committed 32064K, reserved 1114112K
  class space    used 3620K, committed 3776K, reserved 1048576K
}
Event: 337.096 GC heap after
{Heap after GC invocations=28 (full 0):
 garbage-first heap   total 2523136K, used 1703761K [0x000000070a000000, 0x0000000800000000)
  region size 2048K, 8 young (16384K), 8 survivors (16384K)
 Metaspace       used 31699K, committed 32064K, reserved 1114112K
  class space    used 3620K, committed 3776K, reserved 1048576K
}
Event: 337.292 GC heap before
{Heap before GC invocations=28 (full 0):
 garbage-first heap   total 2523136K, used 1867601K [0x000000070a000000, 0x0000000800000000)
  region size 2048K, 88 young (180224K), 8 survivors (16384K)
 Metaspace       used 31699K, committed 32064K, reserved 1114112K
  class space    used 3620K, committed 3776K, reserved 1048576K
}
Event: 337.331 GC heap after
{Heap after GC invocations=29 (full 0):
 garbage-first heap   total 2992128K, used 1753937K [0x000000070a000000, 0x0000000800000000)
  region size 2048K, 11 young (22528K), 11 survivors (22528K)
 Metaspace       used 31699K, committed 32064K, reserved 1114112K
  class space    used 3620K, committed 3776K, reserved 1048576K
}
Event: 337.560 GC heap before
{Heap before GC invocations=29 (full 0):
 garbage-first heap   total 2992128K, used 1915729K [0x000000070a000000, 0x0000000800000000)
  region size 2048K, 90 young (184320K), 11 survivors (22528K)
 Metaspace       used 31700K, committed 32064K, reserved 1114112K
  class space    used 3620K, committed 3776K, reserved 1048576K
}
Event: 337.604 GC heap after
{Heap after GC invocations=30 (full 0):
 garbage-first heap   total 2992128K, used 1801882K [0x000000070a000000, 0x0000000800000000)
  region size 2048K, 12 young (24576K), 12 survivors (24576K)
 Metaspace       used 31700K, committed 32064K, reserved 1114112K
  class space    used 3620K, committed 3776K, reserved 1048576K
}
Event: 337.853 GC heap before
{Heap before GC invocations=30 (full 0):
 garbage-first heap   total 3194880K, used 1975962K [0x000000070a000000, 0x0000000800000000)
  region size 2048K, 97 young (198656K), 12 survivors (24576K)
 Metaspace       used 31700K, committed 32064K, reserved 1114112K
  class space    used 3620K, committed 3776K, reserved 1048576K
}
Event: 337.908 GC heap after
{Heap after GC invocations=31 (full 0):
 garbage-first heap   total 3194880K, used 1853265K [0x000000070a000000, 0x0000000800000000)
  region size 2048K, 13 young (26624K), 13 survivors (26624K)
 Metaspace       used 31700K, committed 32064K, reserved 1114112K
  class space    used 3620K, committed 3776K, reserved 1048576K
}
Event: 338.120 GC heap before
{Heap before GC invocations=32 (full 0):
 garbage-first heap   total 3194880K, used 2056017K [0x000000070a000000, 0x0000000800000000)
  region size 2048K, 112 young (229376K), 13 survivors (26624K)
 Metaspace       used 31700K, committed 32064K, reserved 1114112K
  class space    used 3620K, committed 3776K, reserved 1048576K
}
Event: 338.180 GC heap after
{Heap after GC invocations=33 (full 0):
 garbage-first heap   total 3194880K, used 1912657K [0x000000070a000000, 0x0000000800000000)
  region size 2048K, 14 young (28672K), 14 survivors (28672K)
 Metaspace       used 31700K, committed 32064K, reserved 1114112K
  class space    used 3620K, committed 3776K, reserved 1048576K
}
Event: 339.654 GC heap before
{Heap before GC invocations=33 (full 0):
 garbage-first heap   total 3194880K, used 2482001K [0x000000070a000000, 0x0000000800000000)
  region size 2048K, 292 young (598016K), 14 survivors (28672K)
 Metaspace       used 32662K, committed 33088K, reserved 1114112K
  class space    used 3711K, committed 3904K, reserved 1048576K
}
Event: 339.741 GC heap after
{Heap after GC invocations=34 (full 0):
 garbage-first heap   total 3194880K, used 1993553K [0x000000070a000000, 0x0000000800000000)
  region size 2048K, 37 young (75776K), 37 survivors (75776K)
 Metaspace       used 32662K, committed 33088K, reserved 1114112K
  class space    used 3711K, committed 3904K, reserved 1048576K
}
Event: 340.078 GC heap before
{Heap before GC invocations=34 (full 0):
 garbage-first heap   total 3194880K, used 2261841K [0x000000070a000000, 0x0000000800000000)
  region size 2048K, 168 young (344064K), 37 survivors (75776K)
 Metaspace       used 32662K, committed 33088K, reserved 1114112K
  class space    used 3711K, committed 3904K, reserved 1048576K
}
Event: 340.165 GC heap after
{Heap after GC invocations=35 (full 0):
 garbage-first heap   total 3194880K, used 2034667K [0x000000070a000000, 0x0000000800000000)
  region size 2048K, 18 young (36864K), 18 survivors (36864K)
 Metaspace       used 32662K, committed 33088K, reserved 1114112K
  class space    used 3711K, committed 3904K, reserved 1048576K
}

Dll operation events (11 events):
Event: 0.006 Loaded shared library C:\Program Files\Java\jdk-21.0.10\bin\java.dll
Event: 0.027 Loaded shared library C:\Program Files\Java\jdk-21.0.10\bin\jsvml.dll
Event: 0.061 Loaded shared library C:\Program Files\Java\jdk-21.0.10\bin\net.dll
Event: 0.063 Loaded shared library C:\Program Files\Java\jdk-21.0.10\bin\nio.dll
Event: 0.065 Loaded shared library C:\Program Files\Java\jdk-21.0.10\bin\zip.dll
Event: 0.077 Loaded shared library C:\Program Files\Java\jdk-21.0.10\bin\jimage.dll
Event: 0.120 Loaded shared library C:\Program Files\Java\jdk-21.0.10\bin\awt.dll
Event: 0.224 Loaded shared library C:\Program Files\Java\jdk-21.0.10\bin\freetype.dll
Event: 0.225 Loaded shared library C:\Program Files\Java\jdk-21.0.10\bin\fontmanager.dll
Event: 177.366 Loaded shared library C:\Program Files\Java\jdk-21.0.10\bin\extnet.dll
Event: 177.697 Loaded shared library C:\Program Files\Java\jdk-21.0.10\bin\sunmscapi.dll

Deoptimization events (20 events):
Event: 339.338 Thread 0x0000017140d4f740 Uncommon trap: trap_request=0xffffff45 fr.pc=0x0000017150fcaee8 relative=0x0000000000001808
Event: 339.338 Thread 0x0000017140d4f740 Uncommon trap: reason=unstable_if action=reinterpret pc=0x0000017150fcaee8 method=java.text.DigitList.isZero()Z @ 7 c2
Event: 339.338 Thread 0x0000017140d4f740 DEOPT PACKING pc=0x0000017150fcaee8 sp=0x00000049e18feb90
Event: 339.338 Thread 0x0000017140d4f740 DEOPT UNPACKING pc=0x00000171507746a2 sp=0x00000049e18fea58 mode 2
Event: 339.338 Thread 0x0000017140d4f740 Uncommon trap: trap_request=0xffffff45 fr.pc=0x0000017150fc3254 relative=0x0000000000000674
Event: 339.338 Thread 0x0000017140d4f740 Uncommon trap: reason=unstable_if action=reinterpret pc=0x0000017150fc3254 method=jdk.internal.math.DoubleToDecimal.toDecimal(DLjdk/internal/math/FormattedFPDecimal;)I @ 54 c2
Event: 339.339 Thread 0x0000017140d4f740 DEOPT PACKING pc=0x0000017150fc3254 sp=0x00000049e18fedc0
Event: 339.339 Thread 0x0000017140d4f740 DEOPT UNPACKING pc=0x00000171507746a2 sp=0x00000049e18fed30 mode 2
Event: 339.339 Thread 0x0000017140d4f740 Uncommon trap: trap_request=0xffffff45 fr.pc=0x0000017150fe3084 relative=0x00000000000003a4
Event: 339.339 Thread 0x0000017140d4f740 Uncommon trap: reason=unstable_if action=reinterpret pc=0x0000017150fe3084 method=org.apache.poi.ss.usermodel.ExcelGeneralNumberFormat.format(Ljava/lang/Object;Ljava/lang/StringBuffer;Ljava/text/FieldPosition;)Ljava/lang/StringBuffer; @ 76 c2
Event: 339.339 Thread 0x0000017140d4f740 DEOPT PACKING pc=0x0000017150fe3084 sp=0x00000049e18fedd0
Event: 339.339 Thread 0x0000017140d4f740 DEOPT UNPACKING pc=0x00000171507746a2 sp=0x00000049e18fed60 mode 2
Event: 339.339 Thread 0x0000017140d4f740 Uncommon trap: trap_request=0xffffff3d fr.pc=0x0000017150fb276c relative=0x00000000000000ac
Event: 339.339 Thread 0x0000017140d4f740 Uncommon trap: reason=unstable_fused_if action=reinterpret pc=0x0000017150fb276c method=java.lang.StrictMath.floorOrCeil(DDDD)D @ 8 c2
Event: 339.339 Thread 0x0000017140d4f740 DEOPT PACKING pc=0x0000017150fb276c sp=0x00000049e18fec60
Event: 339.339 Thread 0x0000017140d4f740 DEOPT UNPACKING pc=0x00000171507746a2 sp=0x00000049e18febd8 mode 2
Event: 339.339 Thread 0x0000017140d4f740 Uncommon trap: trap_request=0xffffff45 fr.pc=0x0000017150ff8db8 relative=0x0000000000000098
Event: 339.339 Thread 0x0000017140d4f740 Uncommon trap: reason=unstable_if action=reinterpret pc=0x0000017150ff8db8 method=java.text.DigitList.isZero()Z @ 7 c2
Event: 339.339 Thread 0x0000017140d4f740 DEOPT PACKING pc=0x0000017150ff8db8 sp=0x00000049e18feb30
Event: 339.339 Thread 0x0000017140d4f740 DEOPT UNPACKING pc=0x00000171507746a2 sp=0x00000049e18feac0 mode 2

Classes loaded (20 events):
Event: 331.589 Loading class org/xml/sax/ext/Locator2 done
Event: 331.589 Loading class com/sun/org/apache/xerces/internal/parsers/AbstractSAXParser$LocatorProxy done
Event: 331.671 Loading class java/util/ConcurrentModificationException
Event: 331.671 Loading class java/util/ConcurrentModificationException done
Event: 333.352 Loading class java/util/TreeMap$AscendingSubMap
Event: 333.353 Loading class java/util/TreeMap$NavigableSubMap
Event: 333.353 Loading class java/util/TreeMap$NavigableSubMap done
Event: 333.353 Loading class java/util/TreeMap$AscendingSubMap done
Event: 333.353 Loading class java/util/TreeMap$NavigableSubMap$SubMapKeyIterator
Event: 333.353 Loading class java/util/TreeMap$NavigableSubMap$SubMapIterator
Event: 333.353 Loading class java/util/TreeMap$NavigableSubMap$SubMapIterator done
Event: 333.353 Loading class java/util/TreeMap$NavigableSubMap$SubMapKeyIterator done
Event: 338.353 Loading class java/time/format/DateTimeFormatterBuilder$DefaultValueParser
Event: 338.353 Loading class java/time/format/DateTimeFormatterBuilder$DefaultValueParser done
Event: 338.364 Loading class java/math/BigDecimal$StringBuilderHelper
Event: 338.364 Loading class java/math/BigDecimal$StringBuilderHelper done
Event: 338.404 Loading class java/lang/Byte$ByteCache
Event: 338.404 Loading class java/lang/Byte$ByteCache done
Event: 339.007 Loading class jdk/internal/math/FormattedFPDecimal
Event: 339.008 Loading class jdk/internal/math/FormattedFPDecimal done

Classes unloaded (0 events):
No events

Classes redefined (0 events):
No events

Internal exceptions (20 events):
Event: 331.375 Thread 0x0000017140d4f740 Exception <a 'java/lang/NoSuchMethodError'{0x000000071950c050}: 'void java.lang.invoke.DirectMethodHandle$Holder.invokeVirtual(java.lang.Object, java.lang.Object, java.lang.Object, java.lang.Object)'> (0x000000071950c050) 
thrown [s\open\src\hotspot\share\interpreter\linkResolver.cpp, line 773]
Event: 331.387 Thread 0x0000017140d4f740 Exception <a 'java/lang/NoSuchMethodError'{0x000000071954b0a0}: 'void java.lang.invoke.DirectMethodHandle$Holder.invokeStatic(java.lang.Object, java.lang.Object, java.lang.Object, int)'> (0x000000071954b0a0) 
thrown [s\open\src\hotspot\share\interpreter\linkResolver.cpp, line 773]
Event: 331.387 Thread 0x0000017140d4f740 Exception <a 'java/lang/NoSuchMethodError'{0x000000071954e580}: 'void java.lang.invoke.DirectMethodHandle$Holder.invokeStaticInit(java.lang.Object, java.lang.Object, java.lang.Object, int)'> (0x000000071954e580) 
thrown [s\open\src\hotspot\share\interpreter\linkResolver.cpp, line 773]
Event: 331.439 Thread 0x0000017140d4f740 Exception <a 'java/lang/NoSuchMethodError'{0x000000071789efe8}: 'java.lang.Object java.lang.invoke.DirectMethodHandle$Holder.invokeStaticInit(java.lang.Object, java.lang.Object, java.lang.Object)'> (0x000000071789efe8) 
thrown [s\open\src\hotspot\share\interpreter\linkResolver.cpp, line 773]
Event: 331.440 Thread 0x0000017140d4f740 Exception <a 'java/lang/NoSuchMethodError'{0x00000007178a4710}: 'java.lang.Object java.lang.invoke.DirectMethodHandle$Holder.invokeStatic(java.lang.Object, java.lang.Object, int, int)'> (0x00000007178a4710) 
thrown [s\open\src\hotspot\share\interpreter\linkResolver.cpp, line 773]
Event: 331.440 Thread 0x0000017140d4f740 Exception <a 'java/lang/NoSuchMethodError'{0x00000007178a7b20}: 'java.lang.Object java.lang.invoke.DirectMethodHandle$Holder.invokeStaticInit(java.lang.Object, java.lang.Object, int, int)'> (0x00000007178a7b20) 
thrown [s\open\src\hotspot\share\interpreter\linkResolver.cpp, line 773]
Event: 331.529 Thread 0x0000017140d4f740 Exception <a 'java/lang/NoSuchMethodError'{0x000000070d475e98}: 'java.lang.Object java.lang.invoke.DirectMethodHandle$Holder.newInvokeSpecial(java.lang.Object, java.lang.Object, int, java.lang.Object)'> (0x000000070d475e98) 
thrown [s\open\src\hotspot\share\interpreter\linkResolver.cpp, line 773]
Event: 331.529 Thread 0x0000017140d4f740 Exception <a 'java/lang/NoSuchMethodError'{0x000000070d479c48}: 'java.lang.Object java.lang.invoke.DirectMethodHandle$Holder.invokeSpecial(java.lang.Object, java.lang.Object, java.lang.Object, int, java.lang.Object)'> (0x000000070d479c48) 
thrown [s\open\src\hotspot\share\interpreter\linkResolver.cpp, line 773]
Event: 331.529 Thread 0x0000017140d4f740 Exception <a 'java/lang/NoSuchMethodError'{0x000000070d47d660}: 'java.lang.Object java.lang.invoke.Invokers$Holder.linkToTargetMethod(java.lang.Object, int, java.lang.Object, java.lang.Object)'> (0x000000070d47d660) 
thrown [s\open\src\hotspot\share\interpreter\linkResolver.cpp, line 773]
Event: 331.731 Thread 0x0000017140d4f740 Implicit null exception at 0x0000017150e3260d to 0x0000017150e32950
Event: 331.784 Thread 0x0000017140d4f740 Implicit null exception at 0x0000017150e43b24 to 0x0000017150e446c0
Event: 331.788 Thread 0x0000017140d4f740 Implicit null exception at 0x0000017150e33300 to 0x0000017150e33a09
Event: 333.297 Thread 0x0000017140d4f740 Implicit null exception at 0x0000017150d149fb to 0x0000017150d14d98
Event: 333.304 Thread 0x0000017140d4f740 Implicit null exception at 0x0000017150cc1ad1 to 0x0000017150cc1b28
Event: 333.347 Thread 0x0000017140d4f740 Exception <a 'java/lang/NoSuchMethodError'{0x0000000780f152e0}: 'java.lang.Object java.lang.invoke.DirectMethodHandle$Holder.invokeVirtual(java.lang.Object, java.lang.Object, int)'> (0x0000000780f152e0) 
thrown [s\open\src\hotspot\share\interpreter\linkResolver.cpp, line 773]
Event: 333.348 Thread 0x0000017140d4f740 Exception <a 'java/lang/NoSuchMethodError'{0x0000000780f1b9e8}: 'void java.lang.invoke.DirectMethodHandle$Holder.invokeVirtual(java.lang.Object, java.lang.Object, int, java.lang.Object)'> (0x0000000780f1b9e8) 
thrown [s\open\src\hotspot\share\interpreter\linkResolver.cpp, line 773]
Event: 333.348 Thread 0x0000017140d4f740 Exception <a 'java/lang/NoSuchMethodError'{0x0000000780f24c28}: 'void java.lang.invoke.DirectMethodHandle$Holder.invokeVirtual(java.lang.Object, java.lang.Object, int)'> (0x0000000780f24c28) 
thrown [s\open\src\hotspot\share\interpreter\linkResolver.cpp, line 773]
Event: 338.349 Thread 0x0000017140d4f740 Exception <a 'java/lang/NoSuchMethodError'{0x00000007c0031d18}: 'void java.lang.invoke.Invokers$Holder.invokeExact_MT(java.lang.Object, java.lang.Object, java.lang.Object, java.lang.Object)'> (0x00000007c0031d18) 
thrown [s\open\src\hotspot\share\interpreter\linkResolver.cpp, line 773]
Event: 338.359 Thread 0x0000017140d4f740 Implicit null exception at 0x0000017150e3450c to 0x0000017150e346a4
Event: 338.364 Thread 0x0000017140d4f740 Implicit null exception at 0x0000017150f0527a to 0x0000017150f05390

ZGC Phase Switch (0 events):
No events

VM Operations (20 events):
Event: 337.331 Executing VM operation: G1CollectForAllocation (G1 Evacuation Pause) done
Event: 337.560 Executing VM operation: G1CollectForAllocation (G1 Evacuation Pause)
Event: 337.604 Executing VM operation: G1CollectForAllocation (G1 Evacuation Pause) done
Event: 337.761 Executing VM operation: G1PauseRemark
Event: 337.763 Executing VM operation: G1PauseRemark done
Event: 337.853 Executing VM operation: G1CollectForAllocation (G1 Evacuation Pause)
Event: 337.908 Executing VM operation: G1CollectForAllocation (G1 Evacuation Pause) done
Event: 337.983 Executing VM operation: G1PauseCleanup
Event: 337.983 Executing VM operation: G1PauseCleanup done
Event: 338.120 Executing VM operation: G1CollectForAllocation (G1 Evacuation Pause)
Event: 338.180 Executing VM operation: G1CollectForAllocation (G1 Evacuation Pause) done
Event: 338.355 Executing VM operation: HandshakeAllThreads (Deoptimize)
Event: 338.355 Executing VM operation: HandshakeAllThreads (Deoptimize) done
Event: 339.356 Executing VM operation: Cleanup
Event: 339.357 Executing VM operation: Cleanup done
Event: 339.654 Executing VM operation: G1CollectForAllocation (G1 Evacuation Pause)
Event: 339.741 Executing VM operation: G1CollectForAllocation (G1 Evacuation Pause) done
Event: 340.078 Executing VM operation: G1CollectForAllocation (G1 Evacuation Pause)
Event: 340.165 Executing VM operation: G1CollectForAllocation (G1 Evacuation Pause) done
Event: 340.967 Executing VM operation: G1PauseRemark

Events (20 events):
Event: 340.968 Thread 0x0000017160065ba0 flushing nmethod 0x00000171495a5290
Event: 340.968 Thread 0x0000017160065ba0 flushing nmethod 0x00000171495e1210
Event: 340.968 Thread 0x0000017160065ba0 flushing nmethod 0x0000017149761990
Event: 340.968 Thread 0x0000017160065ba0 flushing nmethod 0x00000171497bc690
Event: 340.968 Thread 0x0000017160065ba0 flushing nmethod 0x0000017149802990
Event: 340.968 Thread 0x0000017160065ba0 flushing nmethod 0x000001714988b310
Event: 340.968 Thread 0x0000017160065ba0 flushing nmethod 0x0000017149590e10
Event: 340.968 Thread 0x0000017160065ba0 flushing nmethod 0x0000017149594190
Event: 340.968 Thread 0x0000017160065ba0 flushing nmethod 0x0000017149823190
Event: 340.968 Thread 0x0000017160065ba0 flushing nmethod 0x00000171498e6990
Event: 340.968 Thread 0x0000017160065ba0 flushing nmethod 0x00000171498ea590
Event: 340.968 Thread 0x0000017160065ba0 flushing nmethod 0x00000171498eac90
Event: 340.968 Thread 0x0000017160065ba0 flushing nmethod 0x00000171498eb490
Event: 340.968 Thread 0x0000017160065ba0 flushing nmethod 0x00000171491fdd10
Event: 340.968 Thread 0x0000017160065ba0 flushing nmethod 0x0000017149334210
Event: 340.968 Thread 0x0000017160065ba0 flushing nmethod 0x00000171493dd710
Event: 340.968 Thread 0x0000017160065ba0 flushing nmethod 0x00000171493e4490
Event: 340.968 Thread 0x0000017160065ba0 flushing nmethod 0x00000171498d4010
Event: 340.968 Thread 0x0000017160065ba0 flushing nmethod 0x00000171498d7210
Event: 340.968 Thread 0x0000017160065ba0 flushing nmethod 0x0000017149958d10


Dynamic libraries:
0x00007ff7f93c0000 - 0x00007ff7f93d0000 	C:\Program Files\Java\jdk-21.0.10\bin\javaw.exe
0x00007fff0d040000 - 0x00007fff0d2a6000 	C:\WINDOWS\SYSTEM32\ntdll.dll
0x00007fff0b730000 - 0x00007fff0b7f9000 	C:\WINDOWS\System32\KERNEL32.DLL
0x00007fff0a800000 - 0x00007fff0abff000 	C:\WINDOWS\System32\KERNELBASE.dll
0x00007fff0ac10000 - 0x00007fff0ad5c000 	C:\WINDOWS\System32\ucrtbase.dll
0x00007ffeebc90000 - 0x00007ffeebca9000 	C:\Program Files\Java\jdk-21.0.10\bin\jli.dll
0x00007ffeef4e0000 - 0x00007ffeef4fe000 	C:\Program Files\Java\jdk-21.0.10\bin\VCRUNTIME140.dll
0x00007fff0b5d0000 - 0x00007fff0b68c000 	C:\WINDOWS\System32\ADVAPI32.dll
0x00007fff0c720000 - 0x00007fff0c7c9000 	C:\WINDOWS\System32\msvcrt.dll
0x00007fff0cf50000 - 0x00007fff0cffa000 	C:\WINDOWS\System32\sechost.dll
0x00007fff0c600000 - 0x00007fff0c718000 	C:\WINDOWS\System32\RPCRT4.dll
0x00007fff0b130000 - 0x00007fff0b2f6000 	C:\WINDOWS\System32\USER32.dll
0x00007ffefab70000 - 0x00007ffefae01000 	C:\WINDOWS\WinSxS\amd64_microsoft.windows.common-controls_6595b64144ccf1df_6.0.26100.8972_none_3e0da176e32f9d4b\COMCTL32.dll
0x00007fff0a250000 - 0x00007fff0a277000 	C:\WINDOWS\System32\win32u.dll
0x00007fff0b400000 - 0x00007fff0b42b000 	C:\WINDOWS\System32\GDI32.dll
0x00007fff0a280000 - 0x00007fff0a3a9000 	C:\WINDOWS\System32\gdi32full.dll
0x00007fff0a3b0000 - 0x00007fff0a453000 	C:\WINDOWS\System32\msvcp_win.dll
0x00007fff018a0000 - 0x00007fff018ab000 	C:\WINDOWS\SYSTEM32\VERSION.dll
0x00007fff0cdc0000 - 0x00007fff0cdf2000 	C:\WINDOWS\System32\IMM32.DLL
0x00007ffefcca0000 - 0x00007ffefccac000 	C:\Program Files\Java\jdk-21.0.10\bin\vcruntime140_1.dll
0x00007ffee3a30000 - 0x00007ffee3abd000 	C:\Program Files\Java\jdk-21.0.10\bin\msvcp140.dll
0x00007ffe9e810000 - 0x00007ffe9f537000 	C:\Program Files\Java\jdk-21.0.10\bin\server\jvm.dll
0x00007fff0bc90000 - 0x00007fff0bd12000 	C:\WINDOWS\System32\WS2_32.dll
0x00007fff0a0b0000 - 0x00007fff0a10e000 	C:\WINDOWS\SYSTEM32\POWRPROF.dll
0x00007fff01860000 - 0x00007fff01896000 	C:\WINDOWS\SYSTEM32\WINMM.dll
0x00007fff09fe0000 - 0x00007fff09ff5000 	C:\WINDOWS\SYSTEM32\UMPDC.dll
0x00007fff08f40000 - 0x00007fff08f5b000 	C:\WINDOWS\SYSTEM32\kernel.appcore.dll
0x00007ffef4a00000 - 0x00007ffef4a0a000 	C:\Program Files\Java\jdk-21.0.10\bin\jimage.dll
0x00007fff01b80000 - 0x00007fff01dc2000 	C:\WINDOWS\SYSTEM32\DBGHELP.DLL
0x00007fff0ad90000 - 0x00007fff0b115000 	C:\WINDOWS\System32\combase.dll
0x00007fff0b300000 - 0x00007fff0b3d9000 	C:\WINDOWS\System32\OLEAUT32.dll
0x00007ffedfb70000 - 0x00007ffedfbab000 	C:\WINDOWS\SYSTEM32\dbgcore.DLL
0x00007fff0a740000 - 0x00007fff0a7ec000 	C:\WINDOWS\System32\bcryptPrimitives.dll
0x00007ffee3a00000 - 0x00007ffee3a21000 	C:\Program Files\Java\jdk-21.0.10\bin\java.dll
0x00007fff0be00000 - 0x00007fff0c588000 	C:\WINDOWS\System32\SHELL32.dll
0x00007fff07d40000 - 0x00007fff085db000 	C:\WINDOWS\SYSTEM32\windows.storage.dll
0x00007fff0c800000 - 0x00007fff0c8f9000 	C:\WINDOWS\System32\SHCORE.dll
0x00007fff0c590000 - 0x00007fff0c5f6000 	C:\WINDOWS\System32\shlwapi.dll
0x00007fff0a170000 - 0x00007fff0a199000 	C:\WINDOWS\SYSTEM32\profapi.dll
0x00007ffee3920000 - 0x00007ffee39f7000 	C:\Program Files\Java\jdk-21.0.10\bin\jsvml.dll
0x00007ffee37d0000 - 0x00007ffee37e1000 	C:\Program Files\Java\jdk-21.0.10\bin\net.dll
0x00007fff02ac0000 - 0x00007fff02be8000 	C:\WINDOWS\SYSTEM32\WINHTTP.dll
0x00007fff094f0000 - 0x00007fff0955c000 	C:\WINDOWS\system32\mswsock.dll
0x00007ffee3720000 - 0x00007ffee3736000 	C:\Program Files\Java\jdk-21.0.10\bin\nio.dll
0x00007ffee30f0000 - 0x00007ffee3108000 	C:\Program Files\Java\jdk-21.0.10\bin\zip.dll
0x00007ffedc4c0000 - 0x00007ffedc654000 	C:\Program Files\Java\jdk-21.0.10\bin\awt.dll
0x00007fff07190000 - 0x00007fff0722f000 	C:\WINDOWS\SYSTEM32\apphelp.dll
0x00007fff073a0000 - 0x00007fff07448000 	C:\WINDOWS\system32\uxtheme.dll
0x00007fff0cc40000 - 0x00007fff0cd9d000 	C:\WINDOWS\System32\MSCTF.dll
0x00007fff0b430000 - 0x00007fff0b5c9000 	C:\WINDOWS\System32\ole32.dll
0x00007fff07670000 - 0x00007fff0769f000 	C:\WINDOWS\system32\DWMAPI.DLL
0x00007ffed9880000 - 0x00007ffed9907000 	C:\Program Files\Java\jdk-21.0.10\bin\freetype.dll
0x00007ffed9780000 - 0x00007ffed9871000 	C:\Program Files\Java\jdk-21.0.10\bin\fontmanager.dll
0x00007ffed8fd0000 - 0x00007ffed90dc000 	C:\WINDOWS\system32\opengl32.dll
0x00007ffee2b90000 - 0x00007ffee2bbd000 	C:\WINDOWS\SYSTEM32\GLU32.dll
0x00007fff074a0000 - 0x00007fff074e5000 	C:\WINDOWS\SYSTEM32\dxcore.dll
0x00007ffe89ed0000 - 0x00007ffe8a082000 	C:\WINDOWS\system32\d3d9.dll
0x00007fff019c0000 - 0x00007fff01b7b000 	C:\WINDOWS\System32\DriverStore\FileRepository\u0390451.inf_amd64_39377efdd62734d1\B390182\aticfx64.dll
0x00007ffee2b00000 - 0x00007ffee2b34000 	C:\WINDOWS\System32\DriverStore\FileRepository\u0390451.inf_amd64_39377efdd62734d1\B390182\atiu9p64.dll
0x00007ffe9d710000 - 0x00007ffe9e465000 	C:\WINDOWS\System32\DriverStore\FileRepository\u0390451.inf_amd64_39377efdd62734d1\B390182\atiumd64.dll
0x0000000051680000 - 0x00000000525a7000 	C:\WINDOWS\System32\DriverStore\FileRepository\u0390451.inf_amd64_39377efdd62734d1\B390182\atiumd6a.dll
0x00007fff0b800000 - 0x00007fff0bc87000 	C:\WINDOWS\System32\SETUPAPI.dll
0x00007ffeff2d0000 - 0x00007ffeff305000 	C:\WINDOWS\SYSTEM32\amdihk64.dll
0x00007fff03b40000 - 0x00007fff03b9f000 	C:\WINDOWS\SYSTEM32\directxdatabasehelper.dll
0x00007ffeefff0000 - 0x00007ffef0136000 	C:\WINDOWS\SYSTEM32\textinputframework.dll
0x00007fff06c80000 - 0x00007fff06dab000 	C:\WINDOWS\SYSTEM32\CoreMessaging.dll
0x00007fff03020000 - 0x00007fff03304000 	C:\WINDOWS\SYSTEM32\CoreUIComponents.dll
0x00007fff043c0000 - 0x00007fff0452a000 	C:\WINDOWS\SYSTEM32\wintypes.dll
0x00007fff09800000 - 0x00007fff0980c000 	C:\WINDOWS\SYSTEM32\CRYPTBASE.DLL
0x00007ffeef430000 - 0x00007ffeef439000 	C:\Program Files\Java\jdk-21.0.10\bin\extnet.dll
0x00007fff089a0000 - 0x00007fff08af8000 	C:\WINDOWS\SYSTEM32\DNSAPI.dll
0x00007fff092d0000 - 0x00007fff092dd000 	C:\WINDOWS\SYSTEM32\DSPARSE.dll
0x00007fff08910000 - 0x00007fff08943000 	C:\WINDOWS\SYSTEM32\IPHLPAPI.DLL
0x00007fff0b120000 - 0x00007fff0b12a000 	C:\WINDOWS\System32\NSI.dll
0x00007ffeff790000 - 0x00007ffeff79b000 	C:\Windows\System32\rasadhlp.dll
0x00007ffeff630000 - 0x00007ffeff6b6000 	C:\WINDOWS\System32\fwpuclnt.dll
0x00007ffee37c0000 - 0x00007ffee37ce000 	C:\Program Files\Java\jdk-21.0.10\bin\sunmscapi.dll
0x00007fff0a5b0000 - 0x00007fff0a72e000 	C:\WINDOWS\System32\CRYPT32.dll
0x00007fff09a20000 - 0x00007fff09a50000 	C:\WINDOWS\SYSTEM32\ncrypt.dll
0x00007fff099d0000 - 0x00007fff09a0f000 	C:\WINDOWS\SYSTEM32\NTASN1.dll
0x00007fff097e0000 - 0x00007fff097fb000 	C:\WINDOWS\SYSTEM32\CRYPTSP.dll
0x00007fff08ea0000 - 0x00007fff08ed9000 	C:\WINDOWS\system32\rsaenh.dll
0x00007fff095a0000 - 0x00007fff095d2000 	C:\WINDOWS\SYSTEM32\USERENV.dll
0x00007fff0a140000 - 0x00007fff0a16a000 	C:\WINDOWS\SYSTEM32\bcrypt.dll
0x00007ffed7b00000 - 0x00007ffed7b08000 	C:\WINDOWS\system32\wshunix.dll
0x00007fff0ce90000 - 0x00007fff0cf3e000 	C:\WINDOWS\System32\clbcatq.dll
0x00007fff05420000 - 0x00007fff0564d000 	C:\WINDOWS\SYSTEM32\WindowsCodecs.dll
0x00007ffedf4a0000 - 0x00007ffedf4fc000 	C:\WINDOWS\system32\dataexchange.dll
0x00007ffefe7d0000 - 0x00007ffefea20000 	C:\WINDOWS\system32\twinapi.appcore.dll
0x00007ffefccb0000 - 0x00007ffefccc1000 	C:\WINDOWS\SYSTEM32\wtdccm.dll
0x00007fff09070000 - 0x00007fff090a6000 	C:\WINDOWS\SYSTEM32\ntmarta.dll

dbghelp: loaded successfully - version: 4.0.5 - missing functions: none
symbol engine: initialized successfully - sym options: 0x614 - pdb path: .;C:\Program Files\Java\jdk-21.0.10\bin;C:\WINDOWS\SYSTEM32;C:\WINDOWS\WinSxS\amd64_microsoft.windows.common-controls_6595b64144ccf1df_6.0.26100.8972_none_3e0da176e32f9d4b;C:\Program Files\Java\jdk-21.0.10\bin\server;C:\WINDOWS\System32\DriverStore\FileRepository\u0390451.inf_amd64_39377efdd62734d1\B390182

VM Arguments:
jvm_args: -Dfile.encoding=UTF-8 -Dstdout.encoding=UTF-8 -Dstderr.encoding=UTF-8 -XX:+ShowCodeDetailsInExceptionMessages 
java_command: extracao_dados.siresp.InteracaoComSIRESP 8 PRODUCAO
java_class_path (initial): C:\Users\PMC514991-2\Documents\GitHub\Projetos-Derac\siresp\target\classes;C:\Users\PMC514991-2\.m2\repository\org\seleniumhq\selenium\selenium-java\4.40.0\selenium-java-4.40.0.jar;C:\Users\PMC514991-2\.m2\repository\org\seleniumhq\selenium\selenium-api\4.40.0\selenium-api-4.40.0.jar;C:\Users\PMC514991-2\.m2\repository\org\jspecify\jspecify\1.0.0\jspecify-1.0.0.jar;C:\Users\PMC514991-2\.m2\repository\org\seleniumhq\selenium\selenium-chrome-driver\4.40.0\selenium-chrome-driver-4.40.0.jar;C:\Users\PMC514991-2\.m2\repository\com\google\auto\service\auto-service-annotations\1.1.1\auto-service-annotations-1.1.1.jar;C:\Users\PMC514991-2\.m2\repository\org\seleniumhq\selenium\selenium-chromium-driver\4.40.0\selenium-chromium-driver-4.40.0.jar;C:\Users\PMC514991-2\.m2\repository\org\seleniumhq\selenium\selenium-json\4.40.0\selenium-json-4.40.0.jar;C:\Users\PMC514991-2\.m2\repository\org\seleniumhq\selenium\selenium-manager\4.40.0\selenium-manager-4.40.0.jar;C:\Users\PMC514991-2\.m2\repository\org\seleniumhq\selenium\selenium-devtools-v142\4.40.0\selenium-devtools-v142-4.40.0.jar;C:\Users\PMC514991-2\.m2\repository\org\seleniumhq\selenium\selenium-devtools-v143\4.40.0\selenium-devtools-v143-4.40.0.jar;C:\Users\PMC514991-2\.m2\repository\org\seleniumhq\selenium\selenium-devtools-v144\4.40.0\selenium-devtools-v144-4.40.0.jar;C:\Users\PMC514991-2\.m2\repository\org\seleniumhq\selenium\selenium-edge-driver\4.40.0\selenium-edge-driver-4.40.0.jar;C:\Users\PMC514991-2\.m2\repository\org\seleniumhq\selenium\selenium-firefox-driver\4.40.0\selenium-firefox-driver-4.40.0.jar;C:\Users\PMC514991-2\.m2\repository\org\seleniumhq\selenium\selenium-http\4.40.0\selenium-http-4.40.0.jar;C:\Users\PMC514991-2\.m2\repository\org\seleniumhq\selenium\selenium-ie-driver\4.40.0\selenium-ie-driver-4.40.0.jar;C:\Users\PMC514991-2\.m2\repository\org\seleniumhq\selenium\selenium-remote-driver\4.40.0\selenium-remote-driver-4.40.0.jar;C:\Users\PMC514991-2\.m2\repository\com\google\guava\guava\33.5.0-jre\guava-33.5.0-jre.jar;C:\Users\PMC514991-2\.m2\repository\com\google\guava\failureaccess\1.0.3\failureaccess-1.0.3.jar;C:\Users\PMC514991-2\.m2\repository\com\google\guava\listenablefuture\9999.0-empty-to-avoid-conflict-with-guava\listenablefuture-9999.0-empty-to-avoid-conflict-with-guava.jar;C:\Users\PMC514991-2\.m2\repository\com\google\errorprone\error_prone_annotations\2.41.0\error_prone_annotations-2.41.0.jar;C:\Users\PMC514991-2\.m2\repository\com\google\j2objc\j2objc-annotations\3.1\j2objc-annotations-3.1.jar;C:\Users\PMC514991-2\.m2\repository\io\opentelemetry\opentelemetry-api\1.58.0\opentelemetry-api-1.58.0.jar;C:\Users\PMC514991-2\.m2\repository\io\opentelemetry\opentelemetry-context\1.58.0\opentelemetry-context-1.58.0.jar;C:\Users\PMC514991-2\.m2\repository\io\opentelemetry\opentelemetry-common\1.58.0\opentelemetry-common-1.58.0.jar;C:\Users\PMC514991-2\.m2\repository\io\opentelemetry\opentelemetry-exporter-logging\1.58.0\opentelemetry-exporter-logging-1.58.0.jar;C:\Users\PMC514991-2\.m2\repository\io\opentelemetry\opentelemetry-sdk-common\1.58.0\opentelemetry-sdk-common-1.58.0.jar;C:\Users\PMC514991-2\.m2\repository\io\opentelemetry\opentelemetry-sdk-extension-autoconfigure-spi\1.58.0\opentelemetry-sdk-extension-autoconfigure-spi-1.58.0.jar;C:\Users\PMC514991-2\.m2\repository\io\opentelemetry\opentelemetry-sdk-extension-autoconfigure\1.58.0\opentelemetry-sdk-extension-autoconfigure-1.58.0.jar;C:\Users\PMC514991-2\.m2\repository\io\opentelemetry\opentelemetry-sdk-trace\1.58.0\opentelemetry-sdk-trace-1.58.0.jar;C:\Users\PMC514991-2\.m2\repository\io\opentelemetry\opentelemetry-sdk\1.58.0\opentelemetry-sdk-1.58.0.jar;C:\Users\PMC514991-2\.m2\repository\io\opentelemetry\opentelemetry-sdk-metrics\1.58.0\opentelemetry-sdk-metrics-1.58.0.jar;C:\Users\PMC514991-2\.m2\repository\io\opentelemetry\opentelemetry-sdk-logs\1.58.0\opentelemetry-sdk-logs-1.58.0.jar;C:\Users\PMC514991-2\.m2\repository\net\bytebuddy\byte-buddy\1.18.4\byte-buddy-1.18.4.jar;C:\Users\PMC514991-2\.m2\repository\org\seleniumhq\selenium\selenium-os\4.40.0\selenium-os-4.40.0.jar;C:\Users\PMC514991-2\.m2\repository\org\seleniumhq\selenium\selenium-safari-driver\4.40.0\selenium-safari-driver-4.40.0.jar;C:\Users\PMC514991-2\.m2\repository\org\seleniumhq\selenium\selenium-support\4.40.0\selenium-support-4.40.0.jar;C:\Users\PMC514991-2\.m2\repository\org\apache\commons\commons-csv\1.10.0\commons-csv-1.10.0.jar;C:\Users\PMC514991-2\.m2\repository\org\apache\poi\poi\5.2.5\poi-5.2.5.jar;C:\Users\PMC514991-2\.m2\repository\commons-codec\commons-codec\1.16.0\commons-codec-1.16.0.jar;C:\Users\PMC514991-2\.m2\repository\org\apache\commons\commons-collections4\4.4\commons-collections4-4.4.jar;C:\Users\PMC514991-2\.m2\repository\org\apache\commons\commons-math3\3.6.1\commons-math3-3.6.1.jar;C:\Users\PMC514991-2\.m2\repository\commons-io\commons-io\2.15.0\commons-io-2.15.0.jar;C:\Users\PMC514991-2\.m2\repository\com\zaxxer\SparseBitSet\1.3\SparseBitSet-1.3.jar;C:\Users\PMC514991-2\.m2\repository\org\apache\logging\log4j\log4j-api\2.21.1\log4j-api-2.21.1.jar;C:\Users\PMC514991-2\.m2\repository\org\apache\poi\poi-ooxml\5.2.5\poi-ooxml-5.2.5.jar;C:\Users\PMC514991-2\.m2\repository\org\apache\poi\poi-ooxml-lite\5.2.5\poi-ooxml-lite-5.2.5.jar;C:\Users\PMC514991-2\.m2\repository\org\apache\xmlbeans\xmlbeans\5.2.0\xmlbeans-5.2.0.jar;C:\Users\PMC514991-2\.m2\repository\org\apache\commons\commons-compress\1.25.0\commons-compress-1.25.0.jar;C:\Users\PMC514991-2\.m2\repository\com\github\virtuald\curvesapi\1.08\curvesapi-1.08.jar;C:\Users\PMC514991-2\.m2\repository\org\apache\commons\commons-lang3\3.14.0\commons-lang3-3.14.0.jar;C:\Users\PMC514991-2\.m2\repository\org\jsoup\jsoup\1.17.2\jsoup-1.17.2.jar
Launcher Type: SUN_STANDARD

[Global flags]
     intx CICompilerCount                          = 4                                         {product} {ergonomic}
     uint ConcGCThreads                            = 3                                         {product} {ergonomic}
     uint G1ConcRefinementThreads                  = 10                                        {product} {ergonomic}
   size_t G1HeapRegionSize                         = 2097152                                   {product} {ergonomic}
    uintx GCDrainStackTargetSize                   = 64                                        {product} {ergonomic}
   size_t InitialHeapSize                          = 257949696                                 {product} {ergonomic}
   size_t MarkStackSize                            = 4194304                                   {product} {ergonomic}
   size_t MaxHeapSize                              = 4127195136                                {product} {ergonomic}
   size_t MaxNewSize                               = 2474639360                                {product} {ergonomic}
   size_t MinHeapDeltaBytes                        = 2097152                                   {product} {ergonomic}
   size_t MinHeapSize                              = 8388608                                   {product} {ergonomic}
    uintx NonNMethodCodeHeapSize                   = 5839372                                {pd product} {ergonomic}
    uintx NonProfiledCodeHeapSize                  = 122909434                              {pd product} {ergonomic}
    uintx ProfiledCodeHeapSize                     = 122909434                              {pd product} {ergonomic}
    uintx ReservedCodeCacheSize                    = 251658240                              {pd product} {ergonomic}
     bool SegmentedCodeCache                       = true                                      {product} {ergonomic}
     bool ShowCodeDetailsInExceptionMessages       = true                                   {manageable} {command line}
   size_t SoftMaxHeapSize                          = 4127195136                             {manageable} {ergonomic}
     bool UseCompressedOops                        = true                           {product lp64_product} {ergonomic}
     bool UseG1GC                                  = true                                      {product} {ergonomic}
     bool UseLargePagesIndividualAllocation        = false                                  {pd product} {ergonomic}

Logging:
Log output configuration:
 #0: stdout all=warning uptime,level,tags foldmultilines=false
 #1: stderr all=off uptime,level,tags foldmultilines=false

Environment Variables:
PATH=C:/Users/PMC514991-2/.p2/pool/plugins/org.eclipse.justj.openjdk.hotspot.jre.full.win32.x86_64_21.0.9.v20251105-0741/jre/bin/server;C:/Users/PMC514991-2/.p2/pool/plugins/org.eclipse.justj.openjdk.hotspot.jre.full.win32.x86_64_21.0.9.v20251105-0741/jre/bin;C:\Program Files\Common Files\Oracle\Java\javapath;C:\WINDOWS\system32;C:\WINDOWS;C:\WINDOWS\System32\Wbem;C:\WINDOWS\System32\WindowsPowerShell\v1.0\;C:\WINDOWS\System32\OpenSSH\;C:\Users\PMC514991-2\AppData\Local\Microsoft\WindowsApps;C:\Users\PMC514991-2\AppData\Local\GitHubDesktop\bin;C:\WINDOWS\system32;
USERNAME=PMC514991-2
OS=Windows_NT
PROCESSOR_IDENTIFIER=AMD64 Family 25 Model 80 Stepping 0, AuthenticAMD
TMP=C:\Users\PMC514~1\AppData\Local\Temp
TEMP=C:\Users\PMC514~1\AppData\Local\Temp




Periodic native trim disabled

---------------  S Y S T E M  ---------------

OS:
 Windows 11 , 64 bit Build 26100 (10.0.26100.9168)
OS uptime: 2 days 23:04 hours
Hyper-V role detected

CPU: total 12 (initial active 12) (12 cores per cpu, 2 threads per core) family 25 model 80 stepping 0 microcode 0xa50000d, cx8, cmov, fxsr, ht, mmx, 3dnowpref, sse, sse2, sse3, ssse3, sse4a, sse4.1, sse4.2, popcnt, lzcnt, tsc, tscinvbit, avx, avx2, aes, erms, clmul, bmi1, bmi2, adx, sha, fma, vzeroupper, clflush, clflushopt, hv, rdtscp, rdpid, fsrm, f16c, cet_ss
Processor Information for all 12 processors :
  Max Mhz: 3901, Current Mhz: 3901, Mhz Limit: 3901

Memory: 4k page, system-wide physical 15742M (375M free)
TotalPageFile size 46149M (AvailPageFile size 7M)
current process WorkingSet (physical memory assigned to process): 3300M, peak: 3300M
current process commit charge ("private bytes"): 3407M, peak: 4223M

vm_info: Java HotSpot(TM) 64-Bit Server VM (21.0.10+8-LTS-217) for windows-amd64 JRE (21.0.10+8-LTS-217), built on 2025-12-18T14:59:28Z by "mach5run" with MS VC++ 17.13 (VS2022)

END.
